city_name,state,country,service,hero_heading,hero_subheading,description,meta_title,meta_description,phone,address,population,local_keywords,testimonial_name,testimonial_role,testimonial_quote
"New York","New York","United States","SEO Services","Expert SEO Services in New York, New York","Data-driven search optimization that puts New York businesses on page one.","Omniranq delivers measurable SEO results for businesses in New York, New York. Our local search experts combine technical audits, content strategy, and authoritative link building to drive organic growth. From startups to enterprise brands across New York, we build search visibility that compounds over time.","SEO Services New York, New York | Omniranq","Top-rated SEO agency in New York. We help New York businesses rank higher on Google with proven strategies. Get a free audit today.","+1 (604) 776-8206","6067 Main Street, New York, New York","20.0M","seo new york, digital marketing new york, new york seo agency, seo services new york","David Mitchell","Growth Lead, ApexGroup","Omniranq transformed our search presence in New York. Within 6 months we saw a 3x increase in organic leads and our revenue grew by 40%. Their team truly understands the New York market."
"Los Angeles","California","United States","SEO Services","Expert SEO Services in Los Angeles, California","Data-driven search optimization that puts Los Angeles businesses on page one.","Omniranq delivers measurable SEO results for businesses in Los Angeles, California. Our local search experts combine technical audits, content strategy, and authoritative link building to drive organic growth. From startups to enterprise brands across California, we build search visibility that compounds over time.","SEO Services Los Angeles, California | Omniranq","Top-rated SEO agency in Los Angeles. We help California businesses rank higher on Google with proven strategies. Get a free audit today.","+1 (404) 442-8082","3754 Main Street, Los Angeles, California","4.0M","seo los angeles, digital marketing los angeles, los angeles seo agency, seo services los angeles","Emma Mitchell","COO, NovaTech","Omniranq transformed our search presence in Los Angeles. Within 6 months we saw a 3x increase in organic leads and our revenue grew by 40%. Their team truly understands the California market."
"Chicago","Illinois","United States","SEO Services","Expert SEO Services in Chicago, Illinois","Data-driven search optimization that puts Chicago businesses on page one.","Omniranq delivers measurable SEO results for businesses in Chicago, Illinois. Our local search experts combine technical audits, content strategy, and authoritative link building to drive organic growth. From startups to enterprise brands across Illinois, we build search visibility that compounds over time.","SEO Services Chicago, Illinois | Omniranq","Top-rated SEO agency in Chicago. We help Illinois businesses rank higher on Google with proven strategies. Get a free audit today.","+1 (603) 767-1149","1134 Main Street, Chicago, Illinois","2.7M","seo chicago, digital marketing chicago, chicago seo agency, seo services chicago","David Harrison","CEO, StoneArch","Omniranq transformed our search presence in Chicago. Within 6 months we saw a 3x increase in organic leads and our revenue grew by 40%. Their team truly understands the Illinois market."
"Houston","Texas","United States","SEO Services","Expert SEO Services in Houston, Texas","Data-driven search optimization that puts Houston businesses on page one.","Omniranq delivers measurable SEO results for businesses in Houston, Texas. Our local search experts combine technical audits, content strategy, and authoritative link building to drive organic growth. From startups to enterprise brands across Texas, we build search visibility that compounds over time.","SEO Services Houston, Texas | Omniranq","Top-rated SEO agency in Houston. We help Texas businesses rank higher on Google with proven strategies. Get a free audit today.","+1 (399) 248-4918","5211 Main Street, Houston, Texas","2.3M","seo houston, digital marketing houston, houston seo agency, seo services houston","Chris Turner","Founder, ApexGroup","Omniranq transformed our search presence in Houston. Within 6 months we saw a 3x increase in organic leads and our revenue grew by 40%. Their team truly understands the Texas market."
"Phoenix","Arizona","United States","SEO Services","Expert SEO Services in Phoenix, Arizona","Data-driven search optimization that puts Phoenix businesses on page one.","Omniranq delivers measurable SEO results for businesses in Phoenix, Arizona. Our local search experts combine technical audits, content strategy, and authoritative link building to drive organic growth. From startups to enterprise brands across Arizona, we build search visibility that compounds over time.","SEO Services Phoenix, Arizona | Omniranq","Top-rated SEO agency in Phoenix. We help Arizona businesses rank higher on Google with proven strategies. Get a free audit today.","+1 (681) 553-1006","8751 Main Street, Phoenix, Arizona","1.7M","seo phoenix, digital marketing phoenix, phoenix seo agency, seo services phoenix","David Cooper","CMO, GrowthHub","Omniranq transformed our search presence in Phoenix. Within 6 months we saw a 3x increase in organic leads and our revenue grew by 40%. Their team truly understands the Arizona market."
"Philadelphia","Pennsylvania","United States","SEO Services","Expert SEO Services in Philadelphia, Pennsylvania","Data-driven search optimization that puts Philadelphia businesses on page one.","Omniranq delivers measurable SEO results for businesses in Philadelphia, Pennsylvania. Our local search experts combine technical audits, content strategy, and authoritative link building to drive organic growth. From startups to enterprise brands across Pennsylvania, we build search visibility that compounds over time.","SEO Services Philadelphia, Pennsylvania | Omniranq","Top-rated SEO agency in Philadelphia. We help Pennsylvania businesses rank higher on Google with proven strategies. Get a free audit today.","+1 (243) 967-7698","2386 Main Street, Philadelphia, Pennsylvania","1.6M","seo philadelphia, digital marketing philadelphia, philadelphia seo agency, seo services philadelphia","Rebecca Cooper","Head of Digital, StoneArch","Omniranq transformed our search presence in Philadelphia. Within 6 months we saw a 3x increase in organic leads and our revenue grew by 40%. Their team truly understands the Pennsylvania market."
"San Antonio","Texas","United States","SEO Services","Expert SEO Services in San Antonio, Texas","Data-driven search optimization that puts San Antonio businesses on page one.","Omniranq delivers measurable SEO results for businesses in San Antonio, Texas. Our local search experts combine technical audits, content strategy, and authoritative link building to drive organic growth. From startups to enterprise brands across Texas, we build search visibility that compounds over time.","SEO Services San Antonio, Texas | Omniranq","Top-rated SEO agency in San Antonio. We help Texas businesses rank higher on Google with proven strategies. Get a free audit today.","+1 (390) 316-6966","6015 Main Street, San Antonio, Texas","1.5M","seo san antonio, digital marketing san antonio, san antonio seo agency, seo services san antonio","Daniel Thompson","CEO, CoreLogic","Omniranq transformed our search presence in San Antonio. Within 6 months we saw a 3x increase in organic leads and our revenue grew by 40%. Their team truly understands the Texas market."
"San Diego","California","United States","SEO Services","Expert SEO Services in San Diego, California","Data-driven search optimization that puts San Diego businesses on page one.","Omniranq delivers measurable SEO results for businesses in San Diego, California. Our local search experts combine technical audits, content strategy, and authoritative link building to drive organic growth. From startups to enterprise brands across California, we build search visibility that compounds over time.","SEO Services San Diego, California | Omniranq","Top-rated SEO agency in San Diego. We help California businesses rank higher on Google with proven strategies. Get a free audit today.","+1 (798) 589-6261","9921 Main Street, San Diego, California","1.4M","seo san diego, digital marketing san diego, san diego seo agency, seo services san diego","Sarah Cooper","CMO, SwiftScale","Omniranq transformed our search presence in San Diego. Within 6 months we saw a 3x increase in organic leads and our revenue grew by 40%. Their team truly understands the California market."
"Dallas","Texas","United States","SEO Services","Expert SEO Services in Dallas, Texas","Data-driven search optimization that puts Dallas businesses on page one.","Omniranq delivers measurable SEO results for businesses in Dallas, Texas. Our local search experts combine technical audits, content strategy, and authoritative link building to drive organic growth. From startups to enterprise brands across Texas, we build search visibility that compounds over time.","SEO Services Dallas, Texas | Omniranq","Top-rated SEO agency in Dallas. We help Texas businesses rank higher on Google with proven strategies. Get a free audit today.","+1 (308) 816-5829","2828 Main Street, Dallas, Texas","1.3M","seo dallas, digital marketing dallas, dallas seo agency, seo services dallas","Laura Roberts","VP Marketing, IronBridge","Omniranq transformed our search presence in Dallas. Within 6 months we saw a 3x increase in organic leads and our revenue grew by 40%. Their team truly understands the Texas market."
"San Jose","California","United States","SEO Services","Expert SEO Services in San Jose, California","Data-driven search optimization that puts San Jose businesses on page one.","Omniranq delivers measurable SEO results for businesses in San Jose, California. Our local search experts combine technical audits, content strategy, and authoritative link building to drive organic growth. From startups to enterprise brands across California, we build search visibility that compounds over time.","SEO Services San Jose, California | Omniranq","Top-rated SEO agency in San Jose. We help California businesses rank higher on Google with proven strategies. Get a free audit today.","+1 (458) 482-5092","6922 Main Street, San Jose, California","1.0M","seo san jose, digital marketing san jose, san jose seo agency, seo services san jose","Laura Phillips","Digital Director, SilverLake","Omniranq transformed our search presence in San Jose. Within 6 months we saw a 3x increase in organic leads and our revenue grew by 40%. Their team truly understands the California market."
"Austin","Texas","United States","SEO Services","Expert SEO Services in Austin, Texas","Data-driven search optimization that puts Austin businesses on page one.","Omniranq delivers measurable SEO results for businesses in Austin, Texas. Our local search experts combine technical audits, content strategy, and authoritative link building to drive organic growth. From startups to enterprise brands across Texas, we build search visibility that compounds over time.","SEO Services Austin, Texas | Omniranq","Top-rated SEO agency in Austin. We help Texas businesses rank higher on Google with proven strategies. Get a free audit today.","+1 (645) 470-4200","3717 Main Street, Austin, Texas","980K","seo austin, digital marketing austin, austin seo agency, seo services austin","Emma Stewart","Managing Director, UrbanEdge","Omniranq transformed our search presence in Austin. Within 6 months we saw a 3x increase in organic leads and our revenue grew by 40%. Their team truly understands the Texas market."
"Jacksonville","Florida","United States","SEO Services","Expert SEO Services in Jacksonville, Florida","Data-driven search optimization that puts Jacksonville businesses on page one.","Omniranq delivers measurable SEO results for businesses in Jacksonville, Florida. Our local search experts combine technical audits, content strategy, and authoritative link building to drive organic growth. From startups to enterprise brands across Florida, we build search visibility that compounds over time.","SEO Services Jacksonville, Florida | Omniranq","Top-rated SEO agency in Jacksonville. We help Florida businesses rank higher on Google with proven strategies. Get a free audit today.","+1 (497) 779-7138","9114 Main Street, Jacksonville, Florida","950K","seo jacksonville, digital marketing jacksonville, jacksonville seo agency, seo services jacksonville","Claire Roberts","CEO, NexGen","Omniranq transformed our search presence in Jacksonville. Within 6 months we saw a 3x increase in organic leads and our revenue grew by 40%. Their team truly understands the Florida market."
"Fort Worth","Texas","United States","SEO Services","Expert SEO Services in Fort Worth, Texas","Data-driven search optimization that puts Fort Worth businesses on page one.","Omniranq delivers measurable SEO results for businesses in Fort Worth, Texas. Our local search experts combine technical audits, content strategy, and authoritative link building to drive organic growth. From startups to enterprise brands across Texas, we build search visibility that compounds over time.","SEO Services Fort Worth, Texas | Omniranq","Top-rated SEO agency in Fort Worth. We help Texas businesses rank higher on Google with proven strategies. Get a free audit today.","+1 (917) 994-6351","345 Main Street, Fort Worth, Texas","920K","seo fort worth, digital marketing fort worth, fort worth seo agency, seo services fort worth","Chris Walker","Head of Digital, NexGen","Omniranq transformed our search presence in Fort Worth. Within 6 months we saw a 3x increase in organic leads and our revenue grew by 40%. Their team truly understands the Texas market."
"Columbus","Ohio","United States","SEO Services","Expert SEO Services in Columbus, Ohio","Data-driven search optimization that puts Columbus businesses on page one.","Omniranq delivers measurable SEO results for businesses in Columbus, Ohio. Our local search experts combine technical audits, content strategy, and authoritative link building to drive organic growth. From startups to enterprise brands across Ohio, we build search visibility that compounds over time.","SEO Services Columbus, Ohio | Omniranq","Top-rated SEO agency in Columbus. We help Ohio businesses rank higher on Google with proven strategies. Get a free audit today.","+1 (787) 630-9417","3104 Main Street, Columbus, Ohio","900K","seo columbus, digital marketing columbus, columbus seo agency, seo services columbus","Laura Phillips","Founder, NexGen","Omniranq transformed our search presence in Columbus. Within 6 months we saw a 3x increase in organic leads and our revenue grew by 40%. Their team truly understands the Ohio market."
"Indianapolis","Indiana","United States","SEO Services","Expert SEO Services in Indianapolis, Indiana","Data-driven search optimization that puts Indianapolis businesses on page one.","Omniranq delivers measurable SEO results for businesses in Indianapolis, Indiana. Our local search experts combine technical audits, content strategy, and authoritative link building to drive organic growth. From startups to enterprise brands across Indiana, we build search visibility that compounds over time.","SEO Services Indianapolis, Indiana | Omniranq","Top-rated SEO agency in Indianapolis. We help Indiana businesses rank higher on Google with proven strategies. Get a free audit today.","+1 (714) 703-9004","1138 Main Street, Indianapolis, Indiana","880K","seo indianapolis, digital marketing indianapolis, indianapolis seo agency, seo services indianapolis","Daniel Watson","Managing Director, PulseMedia","Omniranq transformed our search presence in Indianapolis. Within 6 months we saw a 3x increase in organic leads and our revenue grew by 40%. Their team truly understands the Indiana market."
"Charlotte","North Carolina","United States","SEO Services","Expert SEO Services in Charlotte, North Carolina","Data-driven search optimization that puts Charlotte businesses on page one.","Omniranq delivers measurable SEO results for businesses in Charlotte, North Carolina. Our local search experts combine technical audits, content strategy, and authoritative link building to drive organic growth. From startups to enterprise brands across North Carolina, we build search visibility that compounds over time.","SEO Services Charlotte, North Carolina | Omniranq","Top-rated SEO agency in Charlotte. We help North Carolina businesses rank higher on Google with proven strategies. Get a free audit today.","+1 (566) 959-3440","1052 Main Street, Charlotte, North Carolina","870K","seo charlotte, digital marketing charlotte, charlotte seo agency, seo services charlotte","James Anderson","Marketing Director, RedLeaf","Omniranq transformed our search presence in Charlotte. Within 6 months we saw a 3x increase in organic leads and our revenue grew by 40%. Their team truly understands the North Carolina market."
"San Francisco","California","United States","SEO Services","Expert SEO Services in San Francisco, California","Data-driven search optimization that puts San Francisco businesses on page one.","Omniranq delivers measurable SEO results for businesses in San Francisco, California. Our local search experts combine technical audits, content strategy, and authoritative link building to drive organic growth. From startups to enterprise brands across California, we build search visibility that compounds over time.","SEO Services San Francisco, California | Omniranq","Top-rated SEO agency in San Francisco. We help California businesses rank higher on Google with proven strategies. Get a free audit today.","+1 (870) 623-5327","4867 Main Street, San Francisco, California","850K","seo san francisco, digital marketing san francisco, san francisco seo agency, seo services san francisco","Megan Richardson","Founder, UrbanEdge","Omniranq transformed our search presence in San Francisco. Within 6 months we saw a 3x increase in organic leads and our revenue grew by 40%. Their team truly understands the California market."
"Seattle","Washington","United States","SEO Services","Expert SEO Services in Seattle, Washington","Data-driven search optimization that puts Seattle businesses on page one.","Omniranq delivers measurable SEO results for businesses in Seattle, Washington. Our local search experts combine technical audits, content strategy, and authoritative link building to drive organic growth. From startups to enterprise brands across Washington, we build search visibility that compounds over time.","SEO Services Seattle, Washington | Omniranq","Top-rated SEO agency in Seattle. We help Washington businesses rank higher on Google with proven strategies. Get a free audit today.","+1 (797) 939-5237","1370 Main Street, Seattle, Washington","740K","seo seattle, digital marketing seattle, seattle seo agency, seo services seattle","Michael Turner","Head of Digital, NexGen","Omniranq transformed our search presence in Seattle. Within 6 months we saw a 3x increase in organic leads and our revenue grew by 40%. Their team truly understands the Washington market."
"Denver","Colorado","United States","SEO Services","Expert SEO Services in Denver, Colorado","Data-driven search optimization that puts Denver businesses on page one.","Omniranq delivers measurable SEO results for businesses in Denver, Colorado. Our local search experts combine technical audits, content strategy, and authoritative link building to drive organic growth. From startups to enterprise brands across Colorado, we build search visibility that compounds over time.","SEO Services Denver, Colorado | Omniranq","Top-rated SEO agency in Denver. We help Colorado businesses rank higher on Google with proven strategies. Get a free audit today.","+1 (966) 666-7772","4018 Main Street, Denver, Colorado","715K","seo denver, digital marketing denver, denver seo agency, seo services denver","Andrew Anderson","Head of Digital, ZenithCo","Omniranq transformed our search presence in Denver. Within 6 months we saw a 3x increase in organic leads and our revenue grew by 40%. Their team truly understands the Colorado market."
"Nashville","Tennessee","United States","SEO Services","Expert SEO Services in Nashville, Tennessee","Data-driven search optimization that puts Nashville businesses on page one.","Omniranq delivers measurable SEO results for businesses in Nashville, Tennessee. Our local search experts combine technical audits, content strategy, and authoritative link building to drive organic growth. From startups to enterprise brands across Tennessee, we build search visibility that compounds over time.","SEO Services Nashville, Tennessee | Omniranq","Top-rated SEO agency in Nashville. We help Tennessee businesses rank higher on Google with proven strategies. Get a free audit today.","+1 (694) 816-9611","8469 Main Street, Nashville, Tennessee","690K","seo nashville, digital marketing nashville, nashville seo agency, seo services nashville","Emma Anderson","Head of Digital, PulseMedia","Omniranq transformed our search presence in Nashville. Within 6 months we saw a 3x increase in organic leads and our revenue grew by 40%. Their team truly understands the Tennessee market."
"Oklahoma City","Oklahoma","United States","SEO Services","Expert SEO Services in Oklahoma City, Oklahoma","Data-driven search optimization that puts Oklahoma City businesses on page one.","Omniranq delivers measurable SEO results for businesses in Oklahoma City, Oklahoma. Our local search experts combine technical audits, content strategy, and authoritative link building to drive organic growth. From startups to enterprise brands across Oklahoma, we build search visibility that compounds over time.","SEO Services Oklahoma City, Oklahoma | Omniranq","Top-rated SEO agency in Oklahoma City. We help Oklahoma businesses rank higher on Google with proven strategies. Get a free audit today.","+1 (849) 275-7414","2454 Main Street, Oklahoma City, Oklahoma","680K","seo oklahoma city, digital marketing oklahoma city, oklahoma city seo agency, seo services oklahoma city","Sophie Thompson","Managing Director, RedLeaf","Omniranq transformed our search presence in Oklahoma City. Within 6 months we saw a 3x increase in organic leads and our revenue grew by 40%. Their team truly understands the Oklahoma market."
"El Paso","Texas","United States","SEO Services","Expert SEO Services in El Paso, Texas","Data-driven search optimization that puts El Paso businesses on page one.","Omniranq delivers measurable SEO results for businesses in El Paso, Texas. Our local search experts combine technical audits, content strategy, and authoritative link building to drive organic growth. From startups to enterprise brands across Texas, we build search visibility that compounds over time.","SEO Services El Paso, Texas | Omniranq","Top-rated SEO agency in El Paso. We help Texas businesses rank higher on Google with proven strategies. Get a free audit today.","+1 (734) 904-1719","904 Main Street, El Paso, Texas","680K","seo el paso, digital marketing el paso, el paso seo agency, seo services el paso","James Turner","CMO, VistaPeak","Omniranq transformed our search presence in El Paso. Within 6 months we saw a 3x increase in organic leads and our revenue grew by 40%. Their team truly understands the Texas market."
"Washington","District of Columbia","United States","SEO Services","Expert SEO Services in Washington, District of Columbia","Data-driven search optimization that puts Washington businesses on page one.","Omniranq delivers measurable SEO results for businesses in Washington, District of Columbia. Our local search experts combine technical audits, content strategy, and authoritative link building to drive organic growth. From startups to enterprise brands across District of Columbia, we build search visibility that compounds over time.","SEO Services Washington, District of Columbia | Omniranq","Top-rated SEO agency in Washington. We help District of Columbia businesses rank higher on Google with proven strategies. Get a free audit today.","+1 (988) 463-3838","8252 Main Street, Washington, District of Columbia","670K","seo washington, digital marketing washington, washington seo agency, seo services washington","Claire Murray","Growth Lead, BlueWave","Omniranq transformed our search presence in Washington. Within 6 months we saw a 3x increase in organic leads and our revenue grew by 40%. Their team truly understands the District of Columbia market."
"Boston","Massachusetts","United States","SEO Services","Expert SEO Services in Boston, Massachusetts","Data-driven search optimization that puts Boston businesses on page one.","Omniranq delivers measurable SEO results for businesses in Boston, Massachusetts. Our local search experts combine technical audits, content strategy, and authoritative link building to drive organic growth. From startups to enterprise brands across Massachusetts, we build search visibility that compounds over time.","SEO Services Boston, Massachusetts | Omniranq","Top-rated SEO agency in Boston. We help Massachusetts businesses rank higher on Google with proven strategies. Get a free audit today.","+1 (280) 294-1741","2911 Main Street, Boston, Massachusetts","650K","seo boston, digital marketing boston, boston seo agency, seo services boston","Rebecca Stewart","Growth Lead, ClearPath","Omniranq transformed our search presence in Boston. Within 6 months we saw a 3x increase in organic leads and our revenue grew by 40%. Their team truly understands the Massachusetts market."
"Portland","Oregon","United States","SEO Services","Expert SEO Services in Portland, Oregon","Data-driven search optimization that puts Portland businesses on page one.","Omniranq delivers measurable SEO results for businesses in Portland, Oregon. Our local search experts combine technical audits, content strategy, and authoritative link building to drive organic growth. From startups to enterprise brands across Oregon, we build search visibility that compounds over time.","SEO Services Portland, Oregon | Omniranq","Top-rated SEO agency in Portland. We help Oregon businesses rank higher on Google with proven strategies. Get a free audit today.","+1 (941) 577-2960","1429 Main Street, Portland, Oregon","640K","seo portland, digital marketing portland, portland seo agency, seo services portland","Thomas Cooper","Managing Director, BrightLine","Omniranq transformed our search presence in Portland. Within 6 months we saw a 3x increase in organic leads and our revenue grew by 40%. Their team truly understands the Oregon market."
"Las Vegas","Nevada","United States","SEO Services","Expert SEO Services in Las Vegas, Nevada","Data-driven search optimization that puts Las Vegas businesses on page one.","Omniranq delivers measurable SEO results for businesses in Las Vegas, Nevada. Our local search experts combine technical audits, content strategy, and authoritative link building to drive organic growth. From startups to enterprise brands across Nevada, we build search visibility that compounds over time.","SEO Services Las Vegas, Nevada | Omniranq","Top-rated SEO agency in Las Vegas. We help Nevada businesses rank higher on Google with proven strategies. Get a free audit today.","+1 (863) 898-6704","3916 Main Street, Las Vegas, Nevada","640K","seo las vegas, digital marketing las vegas, las vegas seo agency, seo services las vegas","Jessica Campbell","Head of Digital, SilverLake","Omniranq transformed our search presence in Las Vegas. Within 6 months we saw a 3x increase in organic leads and our revenue grew by 40%. Their team truly understands the Nevada market."
"Memphis","Tennessee","United States","SEO Services","Expert SEO Services in Memphis, Tennessee","Data-driven search optimization that puts Memphis businesses on page one.","Omniranq delivers measurable SEO results for businesses in Memphis, Tennessee. Our local search experts combine technical audits, content strategy, and authoritative link building to drive organic growth. From startups to enterprise brands across Tennessee, we build search visibility that compounds over time.","SEO Services Memphis, Tennessee | Omniranq","Top-rated SEO agency in Memphis. We help Tennessee businesses rank higher on Google with proven strategies. Get a free audit today.","+1 (271) 791-8243","6566 Main Street, Memphis, Tennessee","630K","seo memphis, digital marketing memphis, memphis seo agency, seo services memphis","Michael Mitchell","COO, UrbanEdge","Omniranq transformed our search presence in Memphis. Within 6 months we saw a 3x increase in organic leads and our revenue grew by 40%. Their team truly understands the Tennessee market."
"Louisville","Kentucky","United States","SEO Services","Expert SEO Services in Louisville, Kentucky","Data-driven search optimization that puts Louisville businesses on page one.","Omniranq delivers measurable SEO results for businesses in Louisville, Kentucky. Our local search experts combine technical audits, content strategy, and authoritative link building to drive organic growth. From startups to enterprise brands across Kentucky, we build search visibility that compounds over time.","SEO Services Louisville, Kentucky | Omniranq","Top-rated SEO agency in Louisville. We help Kentucky businesses rank higher on Google with proven strategies. Get a free audit today.","+1 (911) 223-8137","1425 Main Street, Louisville, Kentucky","620K","seo louisville, digital marketing louisville, louisville seo agency, seo services louisville","Megan Morgan","CEO, ZenithCo","Omniranq transformed our search presence in Louisville. Within 6 months we saw a 3x increase in organic leads and our revenue grew by 40%. Their team truly understands the Kentucky market."
"Baltimore","Maryland","United States","SEO Services","Expert SEO Services in Baltimore, Maryland","Data-driven search optimization that puts Baltimore businesses on page one.","Omniranq delivers measurable SEO results for businesses in Baltimore, Maryland. Our local search experts combine technical audits, content strategy, and authoritative link building to drive organic growth. From startups to enterprise brands across Maryland, we build search visibility that compounds over time.","SEO Services Baltimore, Maryland | Omniranq","Top-rated SEO agency in Baltimore. We help Maryland businesses rank higher on Google with proven strategies. Get a free audit today.","+1 (305) 473-6977","5735 Main Street, Baltimore, Maryland","580K","seo baltimore, digital marketing baltimore, baltimore seo agency, seo services baltimore","Jessica Dixon","Marketing Director, NexGen","Omniranq transformed our search presence in Baltimore. Within 6 months we saw a 3x increase in organic leads and our revenue grew by 40%. Their team truly understands the Maryland market."
"Milwaukee","Wisconsin","United States","SEO Services","Expert SEO Services in Milwaukee, Wisconsin","Data-driven search optimization that puts Milwaukee businesses on page one.","Omniranq delivers measurable SEO results for businesses in Milwaukee, Wisconsin. Our local search experts combine technical audits, content strategy, and authoritative link building to drive organic growth. From startups to enterprise brands across Wisconsin, we build search visibility that compounds over time.","SEO Services Milwaukee, Wisconsin | Omniranq","Top-rated SEO agency in Milwaukee. We help Wisconsin businesses rank higher on Google with proven strategies. Get a free audit today.","+1 (715) 490-9964","3328 Main Street, Milwaukee, Wisconsin","570K","seo milwaukee, digital marketing milwaukee, milwaukee seo agency, seo services milwaukee","Sophie Clark","CMO, BrightLine","Omniranq transformed our search presence in Milwaukee. Within 6 months we saw a 3x increase in organic leads and our revenue grew by 40%. Their team truly understands the Wisconsin market."
"Albuquerque","New Mexico","United States","SEO Services","Expert SEO Services in Albuquerque, New Mexico","Data-driven search optimization that puts Albuquerque businesses on page one.","Omniranq delivers measurable SEO results for businesses in Albuquerque, New Mexico. Our local search experts combine technical audits, content strategy, and authoritative link building to drive organic growth. From startups to enterprise brands across New Mexico, we build search visibility that compounds over time.","SEO Services Albuquerque, New Mexico | Omniranq","Top-rated SEO agency in Albuquerque. We help New Mexico businesses rank higher on Google with proven strategies. Get a free audit today.","+1 (959) 426-6906","7601 Main Street, Albuquerque, New Mexico","560K","seo albuquerque, digital marketing albuquerque, albuquerque seo agency, seo services albuquerque","Thomas Thompson","Growth Lead, NexGen","Omniranq transformed our search presence in Albuquerque. Within 6 months we saw a 3x increase in organic leads and our revenue grew by 40%. Their team truly understands the New Mexico market."
"Tucson","Arizona","United States","SEO Services","Expert SEO Services in Tucson, Arizona","Data-driven search optimization that puts Tucson businesses on page one.","Omniranq delivers measurable SEO results for businesses in Tucson, Arizona. Our local search experts combine technical audits, content strategy, and authoritative link building to drive organic growth. From startups to enterprise brands across Arizona, we build search visibility that compounds over time.","SEO Services Tucson, Arizona | Omniranq","Top-rated SEO agency in Tucson. We help Arizona businesses rank higher on Google with proven strategies. Get a free audit today.","+1 (590) 261-7086","3027 Main Street, Tucson, Arizona","540K","seo tucson, digital marketing tucson, tucson seo agency, seo services tucson","Robert Harrison","CEO, PulseMedia","Omniranq transformed our search presence in Tucson. Within 6 months we saw a 3x increase in organic leads and our revenue grew by 40%. Their team truly understands the Arizona market."
"Fresno","California","United States","SEO Services","Expert SEO Services in Fresno, California","Data-driven search optimization that puts Fresno businesses on page one.","Omniranq delivers measurable SEO results for businesses in Fresno, California. Our local search experts combine technical audits, content strategy, and authoritative link building to drive organic growth. From startups to enterprise brands across California, we build search visibility that compounds over time.","SEO Services Fresno, California | Omniranq","Top-rated SEO agency in Fresno. We help California businesses rank higher on Google with proven strategies. Get a free audit today.","+1 (851) 312-8941","6911 Main Street, Fresno, California","530K","seo fresno, digital marketing fresno, fresno seo agency, seo services fresno","Oliver Ward","CMO, ZenithCo","Omniranq transformed our search presence in Fresno. Within 6 months we saw a 3x increase in organic leads and our revenue grew by 40%. Their team truly understands the California market."
"Sacramento","California","United States","SEO Services","Expert SEO Services in Sacramento, California","Data-driven search optimization that puts Sacramento businesses on page one.","Omniranq delivers measurable SEO results for businesses in Sacramento, California. Our local search experts combine technical audits, content strategy, and authoritative link building to drive organic growth. From startups to enterprise brands across California, we build search visibility that compounds over time.","SEO Services Sacramento, California | Omniranq","Top-rated SEO agency in Sacramento. We help California businesses rank higher on Google with proven strategies. Get a free audit today.","+1 (749) 769-6396","7662 Main Street, Sacramento, California","520K","seo sacramento, digital marketing sacramento, sacramento seo agency, seo services sacramento","Andrew Cooper","Managing Director, GrowthHub","Omniranq transformed our search presence in Sacramento. Within 6 months we saw a 3x increase in organic leads and our revenue grew by 40%. Their team truly understands the California market."
"Mesa","Arizona","United States","SEO Services","Expert SEO Services in Mesa, Arizona","Data-driven search optimization that puts Mesa businesses on page one.","Omniranq delivers measurable SEO results for businesses in Mesa, Arizona. Our local search experts combine technical audits, content strategy, and authoritative link building to drive organic growth. From startups to enterprise brands across Arizona, we build search visibility that compounds over time.","SEO Services Mesa, Arizona | Omniranq","Top-rated SEO agency in Mesa. We help Arizona businesses rank higher on Google with proven strategies. Get a free audit today.","+1 (936) 910-1085","5255 Main Street, Mesa, Arizona","500K","seo mesa, digital marketing mesa, mesa seo agency, seo services mesa","David Anderson","CEO, RedLeaf","Omniranq transformed our search presence in Mesa. Within 6 months we saw a 3x increase in organic leads and our revenue grew by 40%. Their team truly understands the Arizona market."
"Kansas City","Missouri","United States","SEO Services","Expert SEO Services in Kansas City, Missouri","Data-driven search optimization that puts Kansas City businesses on page one.","Omniranq delivers measurable SEO results for businesses in Kansas City, Missouri. Our local search experts combine technical audits, content strategy, and authoritative link building to drive organic growth. From startups to enterprise brands across Missouri, we build search visibility that compounds over time.","SEO Services Kansas City, Missouri | Omniranq","Top-rated SEO agency in Kansas City. We help Missouri businesses rank higher on Google with proven strategies. Get a free audit today.","+1 (885) 595-4099","3288 Main Street, Kansas City, Missouri","490K","seo kansas city, digital marketing kansas city, kansas city seo agency, seo services kansas city","Megan Richardson","VP Marketing, BrightLine","Omniranq transformed our search presence in Kansas City. Within 6 months we saw a 3x increase in organic leads and our revenue grew by 40%. Their team truly understands the Missouri market."
"Atlanta","Georgia","United States","SEO Services","Expert SEO Services in Atlanta, Georgia","Data-driven search optimization that puts Atlanta businesses on page one.","Omniranq delivers measurable SEO results for businesses in Atlanta, Georgia. Our local search experts combine technical audits, content strategy, and authoritative link building to drive organic growth. From startups to enterprise brands across Georgia, we build search visibility that compounds over time.","SEO Services Atlanta, Georgia | Omniranq","Top-rated SEO agency in Atlanta. We help Georgia businesses rank higher on Google with proven strategies. Get a free audit today.","+1 (903) 795-8705","9333 Main Street, Atlanta, Georgia","480K","seo atlanta, digital marketing atlanta, atlanta seo agency, seo services atlanta","David Phillips","Growth Lead, PrimeDigital","Omniranq transformed our search presence in Atlanta. Within 6 months we saw a 3x increase in organic leads and our revenue grew by 40%. Their team truly understands the Georgia market."
"Omaha","Nebraska","United States","SEO Services","Expert SEO Services in Omaha, Nebraska","Data-driven search optimization that puts Omaha businesses on page one.","Omniranq delivers measurable SEO results for businesses in Omaha, Nebraska. Our local search experts combine technical audits, content strategy, and authoritative link building to drive organic growth. From startups to enterprise brands across Nebraska, we build search visibility that compounds over time.","SEO Services Omaha, Nebraska | Omniranq","Top-rated SEO agency in Omaha. We help Nebraska businesses rank higher on Google with proven strategies. Get a free audit today.","+1 (953) 510-7895","5073 Main Street, Omaha, Nebraska","470K","seo omaha, digital marketing omaha, omaha seo agency, seo services omaha","Jessica Mitchell","CMO, BlueWave","Omniranq transformed our search presence in Omaha. Within 6 months we saw a 3x increase in organic leads and our revenue grew by 40%. Their team truly understands the Nebraska market."
"Colorado Springs","Colorado","United States","SEO Services","Expert SEO Services in Colorado Springs, Colorado","Data-driven search optimization that puts Colorado Springs businesses on page one.","Omniranq delivers measurable SEO results for businesses in Colorado Springs, Colorado. Our local search experts combine technical audits, content strategy, and authoritative link building to drive organic growth. From startups to enterprise brands across Colorado, we build search visibility that compounds over time.","SEO Services Colorado Springs, Colorado | Omniranq","Top-rated SEO agency in Colorado Springs. We help Colorado businesses rank higher on Google with proven strategies. Get a free audit today.","+1 (641) 467-6554","5989 Main Street, Colorado Springs, Colorado","460K","seo colorado springs, digital marketing colorado springs, colorado springs seo agency, seo services colorado springs","Hannah Gray","Head of Digital, NovaTech","Omniranq transformed our search presence in Colorado Springs. Within 6 months we saw a 3x increase in organic leads and our revenue grew by 40%. Their team truly understands the Colorado market."
"Raleigh","North Carolina","United States","SEO Services","Expert SEO Services in Raleigh, North Carolina","Data-driven search optimization that puts Raleigh businesses on page one.","Omniranq delivers measurable SEO results for businesses in Raleigh, North Carolina. Our local search experts combine technical audits, content strategy, and authoritative link building to drive organic growth. From startups to enterprise brands across North Carolina, we build search visibility that compounds over time.","SEO Services Raleigh, North Carolina | Omniranq","Top-rated SEO agency in Raleigh. We help North Carolina businesses rank higher on Google with proven strategies. Get a free audit today.","+1 (778) 874-7803","8033 Main Street, Raleigh, North Carolina","460K","seo raleigh, digital marketing raleigh, raleigh seo agency, seo services raleigh","Sophie Stewart","Marketing Director, BlueWave","Omniranq transformed our search presence in Raleigh. Within 6 months we saw a 3x increase in organic leads and our revenue grew by 40%. Their team truly understands the North Carolina market."
"Long Beach","California","United States","SEO Services","Expert SEO Services in Long Beach, California","Data-driven search optimization that puts Long Beach businesses on page one.","Omniranq delivers measurable SEO results for businesses in Long Beach, California. Our local search experts combine technical audits, content strategy, and authoritative link building to drive organic growth. From startups to enterprise brands across California, we build search visibility that compounds over time.","SEO Services Long Beach, California | Omniranq","Top-rated SEO agency in Long Beach. We help California businesses rank higher on Google with proven strategies. Get a free audit today.","+1 (707) 623-4959","8931 Main Street, Long Beach, California","460K","seo long beach, digital marketing long beach, long beach seo agency, seo services long beach","Robert Turner","Marketing Director, UrbanEdge","Omniranq transformed our search presence in Long Beach. Within 6 months we saw a 3x increase in organic leads and our revenue grew by 40%. Their team truly understands the California market."
"Virginia Beach","Virginia","United States","SEO Services","Expert SEO Services in Virginia Beach, Virginia","Data-driven search optimization that puts Virginia Beach businesses on page one.","Omniranq delivers measurable SEO results for businesses in Virginia Beach, Virginia. Our local search experts combine technical audits, content strategy, and authoritative link building to drive organic growth. From startups to enterprise brands across Virginia, we build search visibility that compounds over time.","SEO Services Virginia Beach, Virginia | Omniranq","Top-rated SEO agency in Virginia Beach. We help Virginia businesses rank higher on Google with proven strategies. Get a free audit today.","+1 (271) 494-1670","2661 Main Street, Virginia Beach, Virginia","450K","seo virginia beach, digital marketing virginia beach, virginia beach seo agency, seo services virginia beach","Jessica Campbell","Growth Lead, StoneArch","Omniranq transformed our search presence in Virginia Beach. Within 6 months we saw a 3x increase in organic leads and our revenue grew by 40%. Their team truly understands the Virginia market."
"Miami","Florida","United States","SEO Services","Expert SEO Services in Miami, Florida","Data-driven search optimization that puts Miami businesses on page one.","Omniranq delivers measurable SEO results for businesses in Miami, Florida. Our local search experts combine technical audits, content strategy, and authoritative link building to drive organic growth. From startups to enterprise brands across Florida, we build search visibility that compounds over time.","SEO Services Miami, Florida | Omniranq","Top-rated SEO agency in Miami. We help Florida businesses rank higher on Google with proven strategies. Get a free audit today.","+1 (355) 724-4890","9499 Main Street, Miami, Florida","440K","seo miami, digital marketing miami, miami seo agency, seo services miami","Oliver Clark","Marketing Director, NovaTech","Omniranq transformed our search presence in Miami. Within 6 months we saw a 3x increase in organic leads and our revenue grew by 40%. Their team truly understands the Florida market."
"Oakland","California","United States","SEO Services","Expert SEO Services in Oakland, California","Data-driven search optimization that puts Oakland businesses on page one.","Omniranq delivers measurable SEO results for businesses in Oakland, California. Our local search experts combine technical audits, content strategy, and authoritative link building to drive organic growth. From startups to enterprise brands across California, we build search visibility that compounds over time.","SEO Services Oakland, California | Omniranq","Top-rated SEO agency in Oakland. We help California businesses rank higher on Google with proven strategies. Get a free audit today.","+1 (366) 640-6631","159 Main Street, Oakland, California","430K","seo oakland, digital marketing oakland, oakland seo agency, seo services oakland","Michael Thompson","Digital Director, ClearPath","Omniranq transformed our search presence in Oakland. Within 6 months we saw a 3x increase in organic leads and our revenue grew by 40%. Their team truly understands the California market."
"Minneapolis","Minnesota","United States","SEO Services","Expert SEO Services in Minneapolis, Minnesota","Data-driven search optimization that puts Minneapolis businesses on page one.","Omniranq delivers measurable SEO results for businesses in Minneapolis, Minnesota. Our local search experts combine technical audits, content strategy, and authoritative link building to drive organic growth. From startups to enterprise brands across Minnesota, we build search visibility that compounds over time.","SEO Services Minneapolis, Minnesota | Omniranq","Top-rated SEO agency in Minneapolis. We help Minnesota businesses rank higher on Google with proven strategies. Get a free audit today.","+1 (270) 618-7210","2023 Main Street, Minneapolis, Minnesota","420K","seo minneapolis, digital marketing minneapolis, minneapolis seo agency, seo services minneapolis","Thomas Morgan","COO, ZenithCo","Omniranq transformed our search presence in Minneapolis. Within 6 months we saw a 3x increase in organic leads and our revenue grew by 40%. Their team truly understands the Minnesota market."
"Tampa","Florida","United States","SEO Services","Expert SEO Services in Tampa, Florida","Data-driven search optimization that puts Tampa businesses on page one.","Omniranq delivers measurable SEO results for businesses in Tampa, Florida. Our local search experts combine technical audits, content strategy, and authoritative link building to drive organic growth. From startups to enterprise brands across Florida, we build search visibility that compounds over time.","SEO Services Tampa, Florida | Omniranq","Top-rated SEO agency in Tampa. We help Florida businesses rank higher on Google with proven strategies. Get a free audit today.","+1 (957) 952-5608","2617 Main Street, Tampa, Florida","390K","seo tampa, digital marketing tampa, tampa seo agency, seo services tampa","Laura Bennett","CEO, SilverLake","Omniranq transformed our search presence in Tampa. Within 6 months we saw a 3x increase in organic leads and our revenue grew by 40%. Their team truly understands the Florida market."
"Tulsa","Oklahoma","United States","SEO Services","Expert SEO Services in Tulsa, Oklahoma","Data-driven search optimization that puts Tulsa businesses on page one.","Omniranq delivers measurable SEO results for businesses in Tulsa, Oklahoma. Our local search experts combine technical audits, content strategy, and authoritative link building to drive organic growth. From startups to enterprise brands across Oklahoma, we build search visibility that compounds over time.","SEO Services Tulsa, Oklahoma | Omniranq","Top-rated SEO agency in Tulsa. We help Oklahoma businesses rank higher on Google with proven strategies. Get a free audit today.","+1 (783) 902-8674","2380 Main Street, Tulsa, Oklahoma","400K","seo tulsa, digital marketing tulsa, tulsa seo agency, seo services tulsa","Rachel Clark","Digital Director, StoneArch","Omniranq transformed our search presence in Tulsa. Within 6 months we saw a 3x increase in organic leads and our revenue grew by 40%. Their team truly understands the Oklahoma market."
"Arlington","Texas","United States","SEO Services","Expert SEO Services in Arlington, Texas","Data-driven search optimization that puts Arlington businesses on page one.","Omniranq delivers measurable SEO results for businesses in Arlington, Texas. Our local search experts combine technical audits, content strategy, and authoritative link building to drive organic growth. From startups to enterprise brands across Texas, we build search visibility that compounds over time.","SEO Services Arlington, Texas | Omniranq","Top-rated SEO agency in Arlington. We help Texas businesses rank higher on Google with proven strategies. Get a free audit today.","+1 (865) 956-1813","7474 Main Street, Arlington, Texas","395K","seo arlington, digital marketing arlington, arlington seo agency, seo services arlington","Sophie Mitchell","COO, PrimeDigital","Omniranq transformed our search presence in Arlington. Within 6 months we saw a 3x increase in organic leads and our revenue grew by 40%. Their team truly understands the Texas market."
"New Orleans","Louisiana","United States","SEO Services","Expert SEO Services in New Orleans, Louisiana","Data-driven search optimization that puts New Orleans businesses on page one.","Omniranq delivers measurable SEO results for businesses in New Orleans, Louisiana. Our local search experts combine technical audits, content strategy, and authoritative link building to drive organic growth. From startups to enterprise brands across Louisiana, we build search visibility that compounds over time.","SEO Services New Orleans, Louisiana | Omniranq","Top-rated SEO agency in New Orleans. We help Louisiana businesses rank higher on Google with proven strategies. Get a free audit today.","+1 (466) 824-1558","8115 Main Street, New Orleans, Louisiana","380K","seo new orleans, digital marketing new orleans, new orleans seo agency, seo services new orleans","Emma Dixon","CMO, GrowthHub","Omniranq transformed our search presence in New Orleans. Within 6 months we saw a 3x increase in organic leads and our revenue grew by 40%. Their team truly understands the Louisiana market."
"Bakersfield","California","United States","SEO Services","Expert SEO Services in Bakersfield, California","Data-driven search optimization that puts Bakersfield businesses on page one.","Omniranq delivers measurable SEO results for businesses in Bakersfield, California. Our local search experts combine technical audits, content strategy, and authoritative link building to drive organic growth. From startups to enterprise brands across California, we build search visibility that compounds over time.","SEO Services Bakersfield, California | Omniranq","Top-rated SEO agency in Bakersfield. We help California businesses rank higher on Google with proven strategies. Get a free audit today.","+1 (892) 831-9753","296 Main Street, Bakersfield, California","380K","seo bakersfield, digital marketing bakersfield, bakersfield seo agency, seo services bakersfield","Andrew Anderson","COO, BlueWave","Omniranq transformed our search presence in Bakersfield. Within 6 months we saw a 3x increase in organic leads and our revenue grew by 40%. Their team truly understands the California market."
"Cleveland","Ohio","United States","SEO Services","Expert SEO Services in Cleveland, Ohio","Data-driven search optimization that puts Cleveland businesses on page one.","Omniranq delivers measurable SEO results for businesses in Cleveland, Ohio. Our local search experts combine technical audits, content strategy, and authoritative link building to drive organic growth. From startups to enterprise brands across Ohio, we build search visibility that compounds over time.","SEO Services Cleveland, Ohio | Omniranq","Top-rated SEO agency in Cleveland. We help Ohio businesses rank higher on Google with proven strategies. Get a free audit today.","+1 (638) 619-8892","2611 Main Street, Cleveland, Ohio","370K","seo cleveland, digital marketing cleveland, cleveland seo agency, seo services cleveland","Jessica Gray","CMO, VistaPeak","Omniranq transformed our search presence in Cleveland. Within 6 months we saw a 3x increase in organic leads and our revenue grew by 40%. Their team truly understands the Ohio market."
"Wichita","Kansas","United States","SEO Services","Expert SEO Services in Wichita, Kansas","Data-driven search optimization that puts Wichita businesses on page one.","Omniranq delivers measurable SEO results for businesses in Wichita, Kansas. Our local search experts combine technical audits, content strategy, and authoritative link building to drive organic growth. From startups to enterprise brands across Kansas, we build search visibility that compounds over time.","SEO Services Wichita, Kansas | Omniranq","Top-rated SEO agency in Wichita. We help Kansas businesses rank higher on Google with proven strategies. Get a free audit today.","+1 (431) 984-1315","2149 Main Street, Wichita, Kansas","390K","seo wichita, digital marketing wichita, wichita seo agency, seo services wichita","Daniel Thompson","Digital Director, SilverLake","Omniranq transformed our search presence in Wichita. Within 6 months we saw a 3x increase in organic leads and our revenue grew by 40%. Their team truly understands the Kansas market."
"Aurora","Colorado","United States","SEO Services","Expert SEO Services in Aurora, Colorado","Data-driven search optimization that puts Aurora businesses on page one.","Omniranq delivers measurable SEO results for businesses in Aurora, Colorado. Our local search experts combine technical audits, content strategy, and authoritative link building to drive organic growth. From startups to enterprise brands across Colorado, we build search visibility that compounds over time.","SEO Services Aurora, Colorado | Omniranq","Top-rated SEO agency in Aurora. We help Colorado businesses rank higher on Google with proven strategies. Get a free audit today.","+1 (912) 675-2127","3654 Main Street, Aurora, Colorado","380K","seo aurora, digital marketing aurora, aurora seo agency, seo services aurora","Oliver Stewart","Head of Digital, PrimeDigital","Omniranq transformed our search presence in Aurora. Within 6 months we saw a 3x increase in organic leads and our revenue grew by 40%. Their team truly understands the Colorado market."
"Anaheim","California","United States","SEO Services","Expert SEO Services in Anaheim, California","Data-driven search optimization that puts Anaheim businesses on page one.","Omniranq delivers measurable SEO results for businesses in Anaheim, California. Our local search experts combine technical audits, content strategy, and authoritative link building to drive organic growth. From startups to enterprise brands across California, we build search visibility that compounds over time.","SEO Services Anaheim, California | Omniranq","Top-rated SEO agency in Anaheim. We help California businesses rank higher on Google with proven strategies. Get a free audit today.","+1 (383) 210-6153","7463 Main Street, Anaheim, California","350K","seo anaheim, digital marketing anaheim, anaheim seo agency, seo services anaheim","Michael Dixon","COO, IronBridge","Omniranq transformed our search presence in Anaheim. Within 6 months we saw a 3x increase in organic leads and our revenue grew by 40%. Their team truly understands the California market."
"Honolulu","Hawaii","United States","SEO Services","Expert SEO Services in Honolulu, Hawaii","Data-driven search optimization that puts Honolulu businesses on page one.","Omniranq delivers measurable SEO results for businesses in Honolulu, Hawaii. Our local search experts combine technical audits, content strategy, and authoritative link building to drive organic growth. From startups to enterprise brands across Hawaii, we build search visibility that compounds over time.","SEO Services Honolulu, Hawaii | Omniranq","Top-rated SEO agency in Honolulu. We help Hawaii businesses rank higher on Google with proven strategies. Get a free audit today.","+1 (857) 820-6034","5535 Main Street, Honolulu, Hawaii","345K","seo honolulu, digital marketing honolulu, honolulu seo agency, seo services honolulu","Sarah Ward","CMO, TechVentures","Omniranq transformed our search presence in Honolulu. Within 6 months we saw a 3x increase in organic leads and our revenue grew by 40%. Their team truly understands the Hawaii market."
"Santa Ana","California","United States","SEO Services","Expert SEO Services in Santa Ana, California","Data-driven search optimization that puts Santa Ana businesses on page one.","Omniranq delivers measurable SEO results for businesses in Santa Ana, California. Our local search experts combine technical audits, content strategy, and authoritative link building to drive organic growth. From startups to enterprise brands across California, we build search visibility that compounds over time.","SEO Services Santa Ana, California | Omniranq","Top-rated SEO agency in Santa Ana. We help California businesses rank higher on Google with proven strategies. Get a free audit today.","+1 (479) 626-4931","4351 Main Street, Santa Ana, California","310K","seo santa ana, digital marketing santa ana, santa ana seo agency, seo services santa ana","Emma Campbell","CMO, NovaTech","Omniranq transformed our search presence in Santa Ana. Within 6 months we saw a 3x increase in organic leads and our revenue grew by 40%. Their team truly understands the California market."
"Riverside","California","United States","SEO Services","Expert SEO Services in Riverside, California","Data-driven search optimization that puts Riverside businesses on page one.","Omniranq delivers measurable SEO results for businesses in Riverside, California. Our local search experts combine technical audits, content strategy, and authoritative link building to drive organic growth. From startups to enterprise brands across California, we build search visibility that compounds over time.","SEO Services Riverside, California | Omniranq","Top-rated SEO agency in Riverside. We help California businesses rank higher on Google with proven strategies. Get a free audit today.","+1 (882) 977-8271","7994 Main Street, Riverside, California","330K","seo riverside, digital marketing riverside, riverside seo agency, seo services riverside","Oliver Walker","Digital Director, NexGen","Omniranq transformed our search presence in Riverside. Within 6 months we saw a 3x increase in organic leads and our revenue grew by 40%. Their team truly understands the California market."
"Corpus Christi","Texas","United States","SEO Services","Expert SEO Services in Corpus Christi, Texas","Data-driven search optimization that puts Corpus Christi businesses on page one.","Omniranq delivers measurable SEO results for businesses in Corpus Christi, Texas. Our local search experts combine technical audits, content strategy, and authoritative link building to drive organic growth. From startups to enterprise brands across Texas, we build search visibility that compounds over time.","SEO Services Corpus Christi, Texas | Omniranq","Top-rated SEO agency in Corpus Christi. We help Texas businesses rank higher on Google with proven strategies. Get a free audit today.","+1 (316) 279-1262","1006 Main Street, Corpus Christi, Texas","320K","seo corpus christi, digital marketing corpus christi, corpus christi seo agency, seo services corpus christi","Chris Turner","VP Marketing, BlueWave","Omniranq transformed our search presence in Corpus Christi. Within 6 months we saw a 3x increase in organic leads and our revenue grew by 40%. Their team truly understands the Texas market."
"Lexington","Kentucky","United States","SEO Services","Expert SEO Services in Lexington, Kentucky","Data-driven search optimization that puts Lexington businesses on page one.","Omniranq delivers measurable SEO results for businesses in Lexington, Kentucky. Our local search experts combine technical audits, content strategy, and authoritative link building to drive organic growth. From startups to enterprise brands across Kentucky, we build search visibility that compounds over time.","SEO Services Lexington, Kentucky | Omniranq","Top-rated SEO agency in Lexington. We help Kentucky businesses rank higher on Google with proven strategies. Get a free audit today.","+1 (961) 530-5370","7751 Main Street, Lexington, Kentucky","320K","seo lexington, digital marketing lexington, lexington seo agency, seo services lexington","Andrew Ward","CEO, ApexGroup","Omniranq transformed our search presence in Lexington. Within 6 months we saw a 3x increase in organic leads and our revenue grew by 40%. Their team truly understands the Kentucky market."
"Pittsburgh","Pennsylvania","United States","SEO Services","Expert SEO Services in Pittsburgh, Pennsylvania","Data-driven search optimization that puts Pittsburgh businesses on page one.","Omniranq delivers measurable SEO results for businesses in Pittsburgh, Pennsylvania. Our local search experts combine technical audits, content strategy, and authoritative link building to drive organic growth. From startups to enterprise brands across Pennsylvania, we build search visibility that compounds over time.","SEO Services Pittsburgh, Pennsylvania | Omniranq","Top-rated SEO agency in Pittsburgh. We help Pennsylvania businesses rank higher on Google with proven strategies. Get a free audit today.","+1 (437) 968-4042","4444 Main Street, Pittsburgh, Pennsylvania","300K","seo pittsburgh, digital marketing pittsburgh, pittsburgh seo agency, seo services pittsburgh","Mark Cooper","Growth Lead, IronBridge","Omniranq transformed our search presence in Pittsburgh. Within 6 months we saw a 3x increase in organic leads and our revenue grew by 40%. Their team truly understands the Pennsylvania market."
"Anchorage","Alaska","United States","SEO Services","Expert SEO Services in Anchorage, Alaska","Data-driven search optimization that puts Anchorage businesses on page one.","Omniranq delivers measurable SEO results for businesses in Anchorage, Alaska. Our local search experts combine technical audits, content strategy, and authoritative link building to drive organic growth. From startups to enterprise brands across Alaska, we build search visibility that compounds over time.","SEO Services Anchorage, Alaska | Omniranq","Top-rated SEO agency in Anchorage. We help Alaska businesses rank higher on Google with proven strategies. Get a free audit today.","+1 (820) 351-2025","412 Main Street, Anchorage, Alaska","290K","seo anchorage, digital marketing anchorage, anchorage seo agency, seo services anchorage","James Clark","Founder, PrimeDigital","Omniranq transformed our search presence in Anchorage. Within 6 months we saw a 3x increase in organic leads and our revenue grew by 40%. Their team truly understands the Alaska market."
"Stockton","California","United States","SEO Services","Expert SEO Services in Stockton, California","Data-driven search optimization that puts Stockton businesses on page one.","Omniranq delivers measurable SEO results for businesses in Stockton, California. Our local search experts combine technical audits, content strategy, and authoritative link building to drive organic growth. From startups to enterprise brands across California, we build search visibility that compounds over time.","SEO Services Stockton, California | Omniranq","Top-rated SEO agency in Stockton. We help California businesses rank higher on Google with proven strategies. Get a free audit today.","+1 (553) 615-1057","1898 Main Street, Stockton, California","310K","seo stockton, digital marketing stockton, stockton seo agency, seo services stockton","Thomas Richardson","Managing Director, IronBridge","Omniranq transformed our search presence in Stockton. Within 6 months we saw a 3x increase in organic leads and our revenue grew by 40%. Their team truly understands the California market."
"Cincinnati","Ohio","United States","SEO Services","Expert SEO Services in Cincinnati, Ohio","Data-driven search optimization that puts Cincinnati businesses on page one.","Omniranq delivers measurable SEO results for businesses in Cincinnati, Ohio. Our local search experts combine technical audits, content strategy, and authoritative link building to drive organic growth. From startups to enterprise brands across Ohio, we build search visibility that compounds over time.","SEO Services Cincinnati, Ohio | Omniranq","Top-rated SEO agency in Cincinnati. We help Ohio businesses rank higher on Google with proven strategies. Get a free audit today.","+1 (353) 595-4706","2371 Main Street, Cincinnati, Ohio","305K","seo cincinnati, digital marketing cincinnati, cincinnati seo agency, seo services cincinnati","Oliver Gray","CMO, NexGen","Omniranq transformed our search presence in Cincinnati. Within 6 months we saw a 3x increase in organic leads and our revenue grew by 40%. Their team truly understands the Ohio market."
"Saint Paul","Minnesota","United States","SEO Services","Expert SEO Services in Saint Paul, Minnesota","Data-driven search optimization that puts Saint Paul businesses on page one.","Omniranq delivers measurable SEO results for businesses in Saint Paul, Minnesota. Our local search experts combine technical audits, content strategy, and authoritative link building to drive organic growth. From startups to enterprise brands across Minnesota, we build search visibility that compounds over time.","SEO Services Saint Paul, Minnesota | Omniranq","Top-rated SEO agency in Saint Paul. We help Minnesota businesses rank higher on Google with proven strategies. Get a free audit today.","+1 (256) 377-8339","5243 Main Street, Saint Paul, Minnesota","305K","seo saint paul, digital marketing saint paul, saint paul seo agency, seo services saint paul","Andrew Morgan","Marketing Director, NovaTech","Omniranq transformed our search presence in Saint Paul. Within 6 months we saw a 3x increase in organic leads and our revenue grew by 40%. Their team truly understands the Minnesota market."
"Greensboro","North Carolina","United States","SEO Services","Expert SEO Services in Greensboro, North Carolina","Data-driven search optimization that puts Greensboro businesses on page one.","Omniranq delivers measurable SEO results for businesses in Greensboro, North Carolina. Our local search experts combine technical audits, content strategy, and authoritative link building to drive organic growth. From startups to enterprise brands across North Carolina, we build search visibility that compounds over time.","SEO Services Greensboro, North Carolina | Omniranq","Top-rated SEO agency in Greensboro. We help North Carolina businesses rank higher on Google with proven strategies. Get a free audit today.","+1 (572) 626-4527","9459 Main Street, Greensboro, North Carolina","300K","seo greensboro, digital marketing greensboro, greensboro seo agency, seo services greensboro","Laura Ward","CMO, IronBridge","Omniranq transformed our search presence in Greensboro. Within 6 months we saw a 3x increase in organic leads and our revenue grew by 40%. Their team truly understands the North Carolina market."
"Newark","New Jersey","United States","SEO Services","Expert SEO Services in Newark, New Jersey","Data-driven search optimization that puts Newark businesses on page one.","Omniranq delivers measurable SEO results for businesses in Newark, New Jersey. Our local search experts combine technical audits, content strategy, and authoritative link building to drive organic growth. From startups to enterprise brands across New Jersey, we build search visibility that compounds over time.","SEO Services Newark, New Jersey | Omniranq","Top-rated SEO agency in Newark. We help New Jersey businesses rank higher on Google with proven strategies. Get a free audit today.","+1 (681) 689-7934","4140 Main Street, Newark, New Jersey","280K","seo newark, digital marketing newark, newark seo agency, seo services newark","Rebecca Gray","Growth Lead, ZenithCo","Omniranq transformed our search presence in Newark. Within 6 months we saw a 3x increase in organic leads and our revenue grew by 40%. Their team truly understands the New Jersey market."
"Plano","Texas","United States","SEO Services","Expert SEO Services in Plano, Texas","Data-driven search optimization that puts Plano businesses on page one.","Omniranq delivers measurable SEO results for businesses in Plano, Texas. Our local search experts combine technical audits, content strategy, and authoritative link building to drive organic growth. From startups to enterprise brands across Texas, we build search visibility that compounds over time.","SEO Services Plano, Texas | Omniranq","Top-rated SEO agency in Plano. We help Texas businesses rank higher on Google with proven strategies. Get a free audit today.","+1 (641) 533-7306","6395 Main Street, Plano, Texas","285K","seo plano, digital marketing plano, plano seo agency, seo services plano","Michael Roberts","Digital Director, NovaTech","Omniranq transformed our search presence in Plano. Within 6 months we saw a 3x increase in organic leads and our revenue grew by 40%. Their team truly understands the Texas market."
"Henderson","Nevada","United States","SEO Services","Expert SEO Services in Henderson, Nevada","Data-driven search optimization that puts Henderson businesses on page one.","Omniranq delivers measurable SEO results for businesses in Henderson, Nevada. Our local search experts combine technical audits, content strategy, and authoritative link building to drive organic growth. From startups to enterprise brands across Nevada, we build search visibility that compounds over time.","SEO Services Henderson, Nevada | Omniranq","Top-rated SEO agency in Henderson. We help Nevada businesses rank higher on Google with proven strategies. Get a free audit today.","+1 (733) 988-2641","623 Main Street, Henderson, Nevada","310K","seo henderson, digital marketing henderson, henderson seo agency, seo services henderson","Oliver Cooper","Growth Lead, ClearPath","Omniranq transformed our search presence in Henderson. Within 6 months we saw a 3x increase in organic leads and our revenue grew by 40%. Their team truly understands the Nevada market."
"Lincoln","Nebraska","United States","SEO Services","Expert SEO Services in Lincoln, Nebraska","Data-driven search optimization that puts Lincoln businesses on page one.","Omniranq delivers measurable SEO results for businesses in Lincoln, Nebraska. Our local search experts combine technical audits, content strategy, and authoritative link building to drive organic growth. From startups to enterprise brands across Nebraska, we build search visibility that compounds over time.","SEO Services Lincoln, Nebraska | Omniranq","Top-rated SEO agency in Lincoln. We help Nebraska businesses rank higher on Google with proven strategies. Get a free audit today.","+1 (271) 293-9313","7342 Main Street, Lincoln, Nebraska","290K","seo lincoln, digital marketing lincoln, lincoln seo agency, seo services lincoln","Rebecca Bennett","CMO, SilverLake","Omniranq transformed our search presence in Lincoln. Within 6 months we saw a 3x increase in organic leads and our revenue grew by 40%. Their team truly understands the Nebraska market."
"Orlando","Florida","United States","SEO Services","Expert SEO Services in Orlando, Florida","Data-driven search optimization that puts Orlando businesses on page one.","Omniranq delivers measurable SEO results for businesses in Orlando, Florida. Our local search experts combine technical audits, content strategy, and authoritative link building to drive organic growth. From startups to enterprise brands across Florida, we build search visibility that compounds over time.","SEO Services Orlando, Florida | Omniranq","Top-rated SEO agency in Orlando. We help Florida businesses rank higher on Google with proven strategies. Get a free audit today.","+1 (466) 865-2006","6127 Main Street, Orlando, Florida","310K","seo orlando, digital marketing orlando, orlando seo agency, seo services orlando","Rebecca Campbell","Head of Digital, NexGen","Omniranq transformed our search presence in Orlando. Within 6 months we saw a 3x increase in organic leads and our revenue grew by 40%. Their team truly understands the Florida market."
"Buffalo","New York","United States","SEO Services","Expert SEO Services in Buffalo, New York","Data-driven search optimization that puts Buffalo businesses on page one.","Omniranq delivers measurable SEO results for businesses in Buffalo, New York. Our local search experts combine technical audits, content strategy, and authoritative link building to drive organic growth. From startups to enterprise brands across New York, we build search visibility that compounds over time.","SEO Services Buffalo, New York | Omniranq","Top-rated SEO agency in Buffalo. We help New York businesses rank higher on Google with proven strategies. Get a free audit today.","+1 (351) 812-2241","4903 Main Street, Buffalo, New York","255K","seo buffalo, digital marketing buffalo, buffalo seo agency, seo services buffalo","Thomas Richardson","COO, DataFlow","Omniranq transformed our search presence in Buffalo. Within 6 months we saw a 3x increase in organic leads and our revenue grew by 40%. Their team truly understands the New York market."
"Jersey City","New Jersey","United States","SEO Services","Expert SEO Services in Jersey City, New Jersey","Data-driven search optimization that puts Jersey City businesses on page one.","Omniranq delivers measurable SEO results for businesses in Jersey City, New Jersey. Our local search experts combine technical audits, content strategy, and authoritative link building to drive organic growth. From startups to enterprise brands across New Jersey, we build search visibility that compounds over time.","SEO Services Jersey City, New Jersey | Omniranq","Top-rated SEO agency in Jersey City. We help New Jersey businesses rank higher on Google with proven strategies. Get a free audit today.","+1 (381) 351-1406","1613 Main Street, Jersey City, New Jersey","260K","seo jersey city, digital marketing jersey city, jersey city seo agency, seo services jersey city","Laura Dixon","Marketing Director, BlueWave","Omniranq transformed our search presence in Jersey City. Within 6 months we saw a 3x increase in organic leads and our revenue grew by 40%. Their team truly understands the New Jersey market."
"Chandler","Arizona","United States","SEO Services","Expert SEO Services in Chandler, Arizona","Data-driven search optimization that puts Chandler businesses on page one.","Omniranq delivers measurable SEO results for businesses in Chandler, Arizona. Our local search experts combine technical audits, content strategy, and authoritative link building to drive organic growth. From startups to enterprise brands across Arizona, we build search visibility that compounds over time.","SEO Services Chandler, Arizona | Omniranq","Top-rated SEO agency in Chandler. We help Arizona businesses rank higher on Google with proven strategies. Get a free audit today.","+1 (560) 637-4062","671 Main Street, Chandler, Arizona","260K","seo chandler, digital marketing chandler, chandler seo agency, seo services chandler","Mark Campbell","Growth Lead, BrightLine","Omniranq transformed our search presence in Chandler. Within 6 months we saw a 3x increase in organic leads and our revenue grew by 40%. Their team truly understands the Arizona market."
"Norfolk","Virginia","United States","SEO Services","Expert SEO Services in Norfolk, Virginia","Data-driven search optimization that puts Norfolk businesses on page one.","Omniranq delivers measurable SEO results for businesses in Norfolk, Virginia. Our local search experts combine technical audits, content strategy, and authoritative link building to drive organic growth. From startups to enterprise brands across Virginia, we build search visibility that compounds over time.","SEO Services Norfolk, Virginia | Omniranq","Top-rated SEO agency in Norfolk. We help Virginia businesses rank higher on Google with proven strategies. Get a free audit today.","+1 (385) 363-3204","4362 Main Street, Norfolk, Virginia","245K","seo norfolk, digital marketing norfolk, norfolk seo agency, seo services norfolk","Robert Murray","COO, PrimeDigital","Omniranq transformed our search presence in Norfolk. Within 6 months we saw a 3x increase in organic leads and our revenue grew by 40%. Their team truly understands the Virginia market."
"Madison","Wisconsin","United States","SEO Services","Expert SEO Services in Madison, Wisconsin","Data-driven search optimization that puts Madison businesses on page one.","Omniranq delivers measurable SEO results for businesses in Madison, Wisconsin. Our local search experts combine technical audits, content strategy, and authoritative link building to drive organic growth. From startups to enterprise brands across Wisconsin, we build search visibility that compounds over time.","SEO Services Madison, Wisconsin | Omniranq","Top-rated SEO agency in Madison. We help Wisconsin businesses rank higher on Google with proven strategies. Get a free audit today.","+1 (884) 880-7331","152 Main Street, Madison, Wisconsin","255K","seo madison, digital marketing madison, madison seo agency, seo services madison","Robert Dixon","Growth Lead, ClearPath","Omniranq transformed our search presence in Madison. Within 6 months we saw a 3x increase in organic leads and our revenue grew by 40%. Their team truly understands the Wisconsin market."
"Lubbock","Texas","United States","SEO Services","Expert SEO Services in Lubbock, Texas","Data-driven search optimization that puts Lubbock businesses on page one.","Omniranq delivers measurable SEO results for businesses in Lubbock, Texas. Our local search experts combine technical audits, content strategy, and authoritative link building to drive organic growth. From startups to enterprise brands across Texas, we build search visibility that compounds over time.","SEO Services Lubbock, Texas | Omniranq","Top-rated SEO agency in Lubbock. We help Texas businesses rank higher on Google with proven strategies. Get a free audit today.","+1 (220) 635-4917","7402 Main Street, Lubbock, Texas","260K","seo lubbock, digital marketing lubbock, lubbock seo agency, seo services lubbock","Chris Cooper","VP Marketing, NovaTech","Omniranq transformed our search presence in Lubbock. Within 6 months we saw a 3x increase in organic leads and our revenue grew by 40%. Their team truly understands the Texas market."
"Durham","North Carolina","United States","SEO Services","Expert SEO Services in Durham, North Carolina","Data-driven search optimization that puts Durham businesses on page one.","Omniranq delivers measurable SEO results for businesses in Durham, North Carolina. Our local search experts combine technical audits, content strategy, and authoritative link building to drive organic growth. From startups to enterprise brands across North Carolina, we build search visibility that compounds over time.","SEO Services Durham, North Carolina | Omniranq","Top-rated SEO agency in Durham. We help North Carolina businesses rank higher on Google with proven strategies. Get a free audit today.","+1 (895) 958-3980","4624 Main Street, Durham, North Carolina","280K","seo durham, digital marketing durham, durham seo agency, seo services durham","Mark Cooper","Founder, BlueWave","Omniranq transformed our search presence in Durham. Within 6 months we saw a 3x increase in organic leads and our revenue grew by 40%. Their team truly understands the North Carolina market."
"Winston-Salem","North Carolina","United States","SEO Services","Expert SEO Services in Winston-Salem, North Carolina","Data-driven search optimization that puts Winston-Salem businesses on page one.","Omniranq delivers measurable SEO results for businesses in Winston-Salem, North Carolina. Our local search experts combine technical audits, content strategy, and authoritative link building to drive organic growth. From startups to enterprise brands across North Carolina, we build search visibility that compounds over time.","SEO Services Winston-Salem, North Carolina | Omniranq","Top-rated SEO agency in Winston-Salem. We help North Carolina businesses rank higher on Google with proven strategies. Get a free audit today.","+1 (439) 413-1467","5320 Main Street, Winston-Salem, North Carolina","250K","seo winston-salem, digital marketing winston-salem, winston-salem seo agency, seo services winston-salem","David Bennett","Digital Director, PulseMedia","Omniranq transformed our search presence in Winston-Salem. Within 6 months we saw a 3x increase in organic leads and our revenue grew by 40%. Their team truly understands the North Carolina market."
"Garland","Texas","United States","SEO Services","Expert SEO Services in Garland, Texas","Data-driven search optimization that puts Garland businesses on page one.","Omniranq delivers measurable SEO results for businesses in Garland, Texas. Our local search experts combine technical audits, content strategy, and authoritative link building to drive organic growth. From startups to enterprise brands across Texas, we build search visibility that compounds over time.","SEO Services Garland, Texas | Omniranq","Top-rated SEO agency in Garland. We help Texas businesses rank higher on Google with proven strategies. Get a free audit today.","+1 (464) 419-6299","894 Main Street, Garland, Texas","240K","seo garland, digital marketing garland, garland seo agency, seo services garland","Sarah Walker","CMO, SilverLake","Omniranq transformed our search presence in Garland. Within 6 months we saw a 3x increase in organic leads and our revenue grew by 40%. Their team truly understands the Texas market."
"Glendale","Arizona","United States","SEO Services","Expert SEO Services in Glendale, Arizona","Data-driven search optimization that puts Glendale businesses on page one.","Omniranq delivers measurable SEO results for businesses in Glendale, Arizona. Our local search experts combine technical audits, content strategy, and authoritative link building to drive organic growth. From startups to enterprise brands across Arizona, we build search visibility that compounds over time.","SEO Services Glendale, Arizona | Omniranq","Top-rated SEO agency in Glendale. We help Arizona businesses rank higher on Google with proven strategies. Get a free audit today.","+1 (677) 508-5302","1192 Main Street, Glendale, Arizona","250K","seo glendale, digital marketing glendale, glendale seo agency, seo services glendale","Daniel Mitchell","Digital Director, NovaTech","Omniranq transformed our search presence in Glendale. Within 6 months we saw a 3x increase in organic leads and our revenue grew by 40%. Their team truly understands the Arizona market."
"Hialeah","Florida","United States","SEO Services","Expert SEO Services in Hialeah, Florida","Data-driven search optimization that puts Hialeah businesses on page one.","Omniranq delivers measurable SEO results for businesses in Hialeah, Florida. Our local search experts combine technical audits, content strategy, and authoritative link building to drive organic growth. From startups to enterprise brands across Florida, we build search visibility that compounds over time.","SEO Services Hialeah, Florida | Omniranq","Top-rated SEO agency in Hialeah. We help Florida businesses rank higher on Google with proven strategies. Get a free audit today.","+1 (932) 317-3505","532 Main Street, Hialeah, Florida","230K","seo hialeah, digital marketing hialeah, hialeah seo agency, seo services hialeah","Sophie Roberts","Managing Director, NovaTech","Omniranq transformed our search presence in Hialeah. Within 6 months we saw a 3x increase in organic leads and our revenue grew by 40%. Their team truly understands the Florida market."
"Reno","Nevada","United States","SEO Services","Expert SEO Services in Reno, Nevada","Data-driven search optimization that puts Reno businesses on page one.","Omniranq delivers measurable SEO results for businesses in Reno, Nevada. Our local search experts combine technical audits, content strategy, and authoritative link building to drive organic growth. From startups to enterprise brands across Nevada, we build search visibility that compounds over time.","SEO Services Reno, Nevada | Omniranq","Top-rated SEO agency in Reno. We help Nevada businesses rank higher on Google with proven strategies. Get a free audit today.","+1 (271) 795-5446","5768 Main Street, Reno, Nevada","260K","seo reno, digital marketing reno, reno seo agency, seo services reno","Robert Campbell","Managing Director, BlueWave","Omniranq transformed our search presence in Reno. Within 6 months we saw a 3x increase in organic leads and our revenue grew by 40%. Their team truly understands the Nevada market."
"Baton Rouge","Louisiana","United States","SEO Services","Expert SEO Services in Baton Rouge, Louisiana","Data-driven search optimization that puts Baton Rouge businesses on page one.","Omniranq delivers measurable SEO results for businesses in Baton Rouge, Louisiana. Our local search experts combine technical audits, content strategy, and authoritative link building to drive organic growth. From startups to enterprise brands across Louisiana, we build search visibility that compounds over time.","SEO Services Baton Rouge, Louisiana | Omniranq","Top-rated SEO agency in Baton Rouge. We help Louisiana businesses rank higher on Google with proven strategies. Get a free audit today.","+1 (246) 479-8542","3278 Main Street, Baton Rouge, Louisiana","225K","seo baton rouge, digital marketing baton rouge, baton rouge seo agency, seo services baton rouge","Thomas Morgan","CMO, IronBridge","Omniranq transformed our search presence in Baton Rouge. Within 6 months we saw a 3x increase in organic leads and our revenue grew by 40%. Their team truly understands the Louisiana market."
"Irvine","California","United States","SEO Services","Expert SEO Services in Irvine, California","Data-driven search optimization that puts Irvine businesses on page one.","Omniranq delivers measurable SEO results for businesses in Irvine, California. Our local search experts combine technical audits, content strategy, and authoritative link building to drive organic growth. From startups to enterprise brands across California, we build search visibility that compounds over time.","SEO Services Irvine, California | Omniranq","Top-rated SEO agency in Irvine. We help California businesses rank higher on Google with proven strategies. Get a free audit today.","+1 (277) 509-1137","9945 Main Street, Irvine, California","280K","seo irvine, digital marketing irvine, irvine seo agency, seo services irvine","Daniel Walker","COO, SilverLake","Omniranq transformed our search presence in Irvine. Within 6 months we saw a 3x increase in organic leads and our revenue grew by 40%. Their team truly understands the California market."
"Chesapeake","Virginia","United States","SEO Services","Expert SEO Services in Chesapeake, Virginia","Data-driven search optimization that puts Chesapeake businesses on page one.","Omniranq delivers measurable SEO results for businesses in Chesapeake, Virginia. Our local search experts combine technical audits, content strategy, and authoritative link building to drive organic growth. From startups to enterprise brands across Virginia, we build search visibility that compounds over time.","SEO Services Chesapeake, Virginia | Omniranq","Top-rated SEO agency in Chesapeake. We help Virginia businesses rank higher on Google with proven strategies. Get a free audit today.","+1 (450) 985-3597","3326 Main Street, Chesapeake, Virginia","245K","seo chesapeake, digital marketing chesapeake, chesapeake seo agency, seo services chesapeake","Chris Anderson","CEO, RedLeaf","Omniranq transformed our search presence in Chesapeake. Within 6 months we saw a 3x increase in organic leads and our revenue grew by 40%. Their team truly understands the Virginia market."
"Irving","Texas","United States","SEO Services","Expert SEO Services in Irving, Texas","Data-driven search optimization that puts Irving businesses on page one.","Omniranq delivers measurable SEO results for businesses in Irving, Texas. Our local search experts combine technical audits, content strategy, and authoritative link building to drive organic growth. From startups to enterprise brands across Texas, we build search visibility that compounds over time.","SEO Services Irving, Texas | Omniranq","Top-rated SEO agency in Irving. We help Texas businesses rank higher on Google with proven strategies. Get a free audit today.","+1 (751) 526-2423","798 Main Street, Irving, Texas","240K","seo irving, digital marketing irving, irving seo agency, seo services irving","Mark Stewart","Managing Director, UrbanEdge","Omniranq transformed our search presence in Irving. Within 6 months we saw a 3x increase in organic leads and our revenue grew by 40%. Their team truly understands the Texas market."
"Scottsdale","Arizona","United States","SEO Services","Expert SEO Services in Scottsdale, Arizona","Data-driven search optimization that puts Scottsdale businesses on page one.","Omniranq delivers measurable SEO results for businesses in Scottsdale, Arizona. Our local search experts combine technical audits, content strategy, and authoritative link building to drive organic growth. From startups to enterprise brands across Arizona, we build search visibility that compounds over time.","SEO Services Scottsdale, Arizona | Omniranq","Top-rated SEO agency in Scottsdale. We help Arizona businesses rank higher on Google with proven strategies. Get a free audit today.","+1 (339) 856-5054","5401 Main Street, Scottsdale, Arizona","240K","seo scottsdale, digital marketing scottsdale, scottsdale seo agency, seo services scottsdale","Rebecca Anderson","CMO, SwiftScale","Omniranq transformed our search presence in Scottsdale. Within 6 months we saw a 3x increase in organic leads and our revenue grew by 40%. Their team truly understands the Arizona market."
"North Las Vegas","Nevada","United States","SEO Services","Expert SEO Services in North Las Vegas, Nevada","Data-driven search optimization that puts North Las Vegas businesses on page one.","Omniranq delivers measurable SEO results for businesses in North Las Vegas, Nevada. Our local search experts combine technical audits, content strategy, and authoritative link building to drive organic growth. From startups to enterprise brands across Nevada, we build search visibility that compounds over time.","SEO Services North Las Vegas, Nevada | Omniranq","Top-rated SEO agency in North Las Vegas. We help Nevada businesses rank higher on Google with proven strategies. Get a free audit today.","+1 (834) 228-1105","9890 Main Street, North Las Vegas, Nevada","260K","seo north las vegas, digital marketing north las vegas, north las vegas seo agency, seo services north las vegas","James Mitchell","Marketing Director, SilverLake","Omniranq transformed our search presence in North Las Vegas. Within 6 months we saw a 3x increase in organic leads and our revenue grew by 40%. Their team truly understands the Nevada market."
"Fremont","California","United States","SEO Services","Expert SEO Services in Fremont, California","Data-driven search optimization that puts Fremont businesses on page one.","Omniranq delivers measurable SEO results for businesses in Fremont, California. Our local search experts combine technical audits, content strategy, and authoritative link building to drive organic growth. From startups to enterprise brands across California, we build search visibility that compounds over time.","SEO Services Fremont, California | Omniranq","Top-rated SEO agency in Fremont. We help California businesses rank higher on Google with proven strategies. Get a free audit today.","+1 (660) 630-6207","6909 Main Street, Fremont, California","230K","seo fremont, digital marketing fremont, fremont seo agency, seo services fremont","James Phillips","Founder, VistaPeak","Omniranq transformed our search presence in Fremont. Within 6 months we saw a 3x increase in organic leads and our revenue grew by 40%. Their team truly understands the California market."
"Gilbert","Arizona","United States","SEO Services","Expert SEO Services in Gilbert, Arizona","Data-driven search optimization that puts Gilbert businesses on page one.","Omniranq delivers measurable SEO results for businesses in Gilbert, Arizona. Our local search experts combine technical audits, content strategy, and authoritative link building to drive organic growth. From startups to enterprise brands across Arizona, we build search visibility that compounds over time.","SEO Services Gilbert, Arizona | Omniranq","Top-rated SEO agency in Gilbert. We help Arizona businesses rank higher on Google with proven strategies. Get a free audit today.","+1 (818) 381-6594","9614 Main Street, Gilbert, Arizona","260K","seo gilbert, digital marketing gilbert, gilbert seo agency, seo services gilbert","Andrew Murray","Managing Director, GrowthHub","Omniranq transformed our search presence in Gilbert. Within 6 months we saw a 3x increase in organic leads and our revenue grew by 40%. Their team truly understands the Arizona market."
"San Bernardino","California","United States","SEO Services","Expert SEO Services in San Bernardino, California","Data-driven search optimization that puts San Bernardino businesses on page one.","Omniranq delivers measurable SEO results for businesses in San Bernardino, California. Our local search experts combine technical audits, content strategy, and authoritative link building to drive organic growth. From startups to enterprise brands across California, we build search visibility that compounds over time.","SEO Services San Bernardino, California | Omniranq","Top-rated SEO agency in San Bernardino. We help California businesses rank higher on Google with proven strategies. Get a free audit today.","+1 (935) 977-2795","9627 Main Street, San Bernardino, California","220K","seo san bernardino, digital marketing san bernardino, san bernardino seo agency, seo services san bernardino","Rebecca Walker","VP Marketing, UrbanEdge","Omniranq transformed our search presence in San Bernardino. Within 6 months we saw a 3x increase in organic leads and our revenue grew by 40%. Their team truly understands the California market."
"Boise","Idaho","United States","SEO Services","Expert SEO Services in Boise, Idaho","Data-driven search optimization that puts Boise businesses on page one.","Omniranq delivers measurable SEO results for businesses in Boise, Idaho. Our local search experts combine technical audits, content strategy, and authoritative link building to drive organic growth. From startups to enterprise brands across Idaho, we build search visibility that compounds over time.","SEO Services Boise, Idaho | Omniranq","Top-rated SEO agency in Boise. We help Idaho businesses rank higher on Google with proven strategies. Get a free audit today.","+1 (618) 563-9357","1420 Main Street, Boise, Idaho","230K","seo boise, digital marketing boise, boise seo agency, seo services boise","Hannah Cooper","Managing Director, ClearPath","Omniranq transformed our search presence in Boise. Within 6 months we saw a 3x increase in organic leads and our revenue grew by 40%. Their team truly understands the Idaho market."
"Birmingham","Alabama","United States","SEO Services","Expert SEO Services in Birmingham, Alabama","Data-driven search optimization that puts Birmingham businesses on page one.","Omniranq delivers measurable SEO results for businesses in Birmingham, Alabama. Our local search experts combine technical audits, content strategy, and authoritative link building to drive organic growth. From startups to enterprise brands across Alabama, we build search visibility that compounds over time.","SEO Services Birmingham, Alabama | Omniranq","Top-rated SEO agency in Birmingham. We help Alabama businesses rank higher on Google with proven strategies. Get a free audit today.","+1 (529) 597-3640","9142 Main Street, Birmingham, Alabama","200K","seo birmingham, digital marketing birmingham, birmingham seo agency, seo services birmingham","Sophie Anderson","Digital Director, VistaPeak","Omniranq transformed our search presence in Birmingham. Within 6 months we saw a 3x increase in organic leads and our revenue grew by 40%. Their team truly understands the Alabama market."
"Rochester","New York","United States","SEO Services","Expert SEO Services in Rochester, New York","Data-driven search optimization that puts Rochester businesses on page one.","Omniranq delivers measurable SEO results for businesses in Rochester, New York. Our local search experts combine technical audits, content strategy, and authoritative link building to drive organic growth. From startups to enterprise brands across New York, we build search visibility that compounds over time.","SEO Services Rochester, New York | Omniranq","Top-rated SEO agency in Rochester. We help New York businesses rank higher on Google with proven strategies. Get a free audit today.","+1 (748) 856-4913","2413 Main Street, Rochester, New York","210K","seo rochester, digital marketing rochester, rochester seo agency, seo services rochester","Emma Anderson","VP Marketing, VistaPeak","Omniranq transformed our search presence in Rochester. Within 6 months we saw a 3x increase in organic leads and our revenue grew by 40%. Their team truly understands the New York market."
"Richmond","Virginia","United States","SEO Services","Expert SEO Services in Richmond, Virginia","Data-driven search optimization that puts Richmond businesses on page one.","Omniranq delivers measurable SEO results for businesses in Richmond, Virginia. Our local search experts combine technical audits, content strategy, and authoritative link building to drive organic growth. From startups to enterprise brands across Virginia, we build search visibility that compounds over time.","SEO Services Richmond, Virginia | Omniranq","Top-rated SEO agency in Richmond. We help Virginia businesses rank higher on Google with proven strategies. Get a free audit today.","+1 (843) 226-6897","9575 Main Street, Richmond, Virginia","225K","seo richmond, digital marketing richmond, richmond seo agency, seo services richmond","Megan Turner","VP Marketing, GrowthHub","Omniranq transformed our search presence in Richmond. Within 6 months we saw a 3x increase in organic leads and our revenue grew by 40%. Their team truly understands the Virginia market."
"Spokane","Washington","United States","SEO Services","Expert SEO Services in Spokane, Washington","Data-driven search optimization that puts Spokane businesses on page one.","Omniranq delivers measurable SEO results for businesses in Spokane, Washington. Our local search experts combine technical audits, content strategy, and authoritative link building to drive organic growth. From startups to enterprise brands across Washington, we build search visibility that compounds over time.","SEO Services Spokane, Washington | Omniranq","Top-rated SEO agency in Spokane. We help Washington businesses rank higher on Google with proven strategies. Get a free audit today.","+1 (466) 444-9572","4192 Main Street, Spokane, Washington","220K","seo spokane, digital marketing spokane, spokane seo agency, seo services spokane","Rachel Thompson","Founder, BlueWave","Omniranq transformed our search presence in Spokane. Within 6 months we saw a 3x increase in organic leads and our revenue grew by 40%. Their team truly understands the Washington market."
"Des Moines","Iowa","United States","SEO Services","Expert SEO Services in Des Moines, Iowa","Data-driven search optimization that puts Des Moines businesses on page one.","Omniranq delivers measurable SEO results for businesses in Des Moines, Iowa. Our local search experts combine technical audits, content strategy, and authoritative link building to drive organic growth. From startups to enterprise brands across Iowa, we build search visibility that compounds over time.","SEO Services Des Moines, Iowa | Omniranq","Top-rated SEO agency in Des Moines. We help Iowa businesses rank higher on Google with proven strategies. Get a free audit today.","+1 (901) 407-5973","9332 Main Street, Des Moines, Iowa","215K","seo des moines, digital marketing des moines, des moines seo agency, seo services des moines","Claire Anderson","Digital Director, RedLeaf","Omniranq transformed our search presence in Des Moines. Within 6 months we saw a 3x increase in organic leads and our revenue grew by 40%. Their team truly understands the Iowa market."
"Montgomery","Alabama","United States","SEO Services","Expert SEO Services in Montgomery, Alabama","Data-driven search optimization that puts Montgomery businesses on page one.","Omniranq delivers measurable SEO results for businesses in Montgomery, Alabama. Our local search experts combine technical audits, content strategy, and authoritative link building to drive organic growth. From startups to enterprise brands across Alabama, we build search visibility that compounds over time.","SEO Services Montgomery, Alabama | Omniranq","Top-rated SEO agency in Montgomery. We help Alabama businesses rank higher on Google with proven strategies. Get a free audit today.","+1 (817) 967-2541","8565 Main Street, Montgomery, Alabama","200K","seo montgomery, digital marketing montgomery, montgomery seo agency, seo services montgomery","Andrew Cooper","VP Marketing, BrightLine","Omniranq transformed our search presence in Montgomery. Within 6 months we saw a 3x increase in organic leads and our revenue grew by 40%. Their team truly understands the Alabama market."
"Modesto","California","United States","SEO Services","Expert SEO Services in Modesto, California","Data-driven search optimization that puts Modesto businesses on page one.","Omniranq delivers measurable SEO results for businesses in Modesto, California. Our local search experts combine technical audits, content strategy, and authoritative link building to drive organic growth. From startups to enterprise brands across California, we build search visibility that compounds over time.","SEO Services Modesto, California | Omniranq","Top-rated SEO agency in Modesto. We help California businesses rank higher on Google with proven strategies. Get a free audit today.","+1 (216) 966-4169","6597 Main Street, Modesto, California","215K","seo modesto, digital marketing modesto, modesto seo agency, seo services modesto","James Clark","Managing Director, StoneArch","Omniranq transformed our search presence in Modesto. Within 6 months we saw a 3x increase in organic leads and our revenue grew by 40%. Their team truly understands the California market."
"Fayetteville","North Carolina","United States","SEO Services","Expert SEO Services in Fayetteville, North Carolina","Data-driven search optimization that puts Fayetteville businesses on page one.","Omniranq delivers measurable SEO results for businesses in Fayetteville, North Carolina. Our local search experts combine technical audits, content strategy, and authoritative link building to drive organic growth. From startups to enterprise brands across North Carolina, we build search visibility that compounds over time.","SEO Services Fayetteville, North Carolina | Omniranq","Top-rated SEO agency in Fayetteville. We help North Carolina businesses rank higher on Google with proven strategies. Get a free audit today.","+1 (694) 410-6527","8739 Main Street, Fayetteville, North Carolina","205K","seo fayetteville, digital marketing fayetteville, fayetteville seo agency, seo services fayetteville","Thomas Murray","Digital Director, VistaPeak","Omniranq transformed our search presence in Fayetteville. Within 6 months we saw a 3x increase in organic leads and our revenue grew by 40%. Their team truly understands the North Carolina market."
"Tacoma","Washington","United States","SEO Services","Expert SEO Services in Tacoma, Washington","Data-driven search optimization that puts Tacoma businesses on page one.","Omniranq delivers measurable SEO results for businesses in Tacoma, Washington. Our local search experts combine technical audits, content strategy, and authoritative link building to drive organic growth. From startups to enterprise brands across Washington, we build search visibility that compounds over time.","SEO Services Tacoma, Washington | Omniranq","Top-rated SEO agency in Tacoma. We help Washington businesses rank higher on Google with proven strategies. Get a free audit today.","+1 (546) 958-7990","6472 Main Street, Tacoma, Washington","215K","seo tacoma, digital marketing tacoma, tacoma seo agency, seo services tacoma","Mark Bennett","Managing Director, GrowthHub","Omniranq transformed our search presence in Tacoma. Within 6 months we saw a 3x increase in organic leads and our revenue grew by 40%. Their team truly understands the Washington market."
"Shreveport","Louisiana","United States","SEO Services","Expert SEO Services in Shreveport, Louisiana","Data-driven search optimization that puts Shreveport businesses on page one.","Omniranq delivers measurable SEO results for businesses in Shreveport, Louisiana. Our local search experts combine technical audits, content strategy, and authoritative link building to drive organic growth. From startups to enterprise brands across Louisiana, we build search visibility that compounds over time.","SEO Services Shreveport, Louisiana | Omniranq","Top-rated SEO agency in Shreveport. We help Louisiana businesses rank higher on Google with proven strategies. Get a free audit today.","+1 (207) 289-4344","7290 Main Street, Shreveport, Louisiana","190K","seo shreveport, digital marketing shreveport, shreveport seo agency, seo services shreveport","Chris Mitchell","Digital Director, ApexGroup","Omniranq transformed our search presence in Shreveport. Within 6 months we saw a 3x increase in organic leads and our revenue grew by 40%. Their team truly understands the Louisiana market."
"Fontana","California","United States","SEO Services","Expert SEO Services in Fontana, California","Data-driven search optimization that puts Fontana businesses on page one.","Omniranq delivers measurable SEO results for businesses in Fontana, California. Our local search experts combine technical audits, content strategy, and authoritative link building to drive organic growth. From startups to enterprise brands across California, we build search visibility that compounds over time.","SEO Services Fontana, California | Omniranq","Top-rated SEO agency in Fontana. We help California businesses rank higher on Google with proven strategies. Get a free audit today.","+1 (323) 933-4090","190 Main Street, Fontana, California","215K","seo fontana, digital marketing fontana, fontana seo agency, seo services fontana","Hannah Ward","COO, ClearPath","Omniranq transformed our search presence in Fontana. Within 6 months we saw a 3x increase in organic leads and our revenue grew by 40%. Their team truly understands the California market."
"Moreno Valley","California","United States","SEO Services","Expert SEO Services in Moreno Valley, California","Data-driven search optimization that puts Moreno Valley businesses on page one.","Omniranq delivers measurable SEO results for businesses in Moreno Valley, California. Our local search experts combine technical audits, content strategy, and authoritative link building to drive organic growth. From startups to enterprise brands across California, we build search visibility that compounds over time.","SEO Services Moreno Valley, California | Omniranq","Top-rated SEO agency in Moreno Valley. We help California businesses rank higher on Google with proven strategies. Get a free audit today.","+1 (930) 972-8117","2235 Main Street, Moreno Valley, California","210K","seo moreno valley, digital marketing moreno valley, moreno valley seo agency, seo services moreno valley","Rebecca Phillips","Digital Director, SilverLake","Omniranq transformed our search presence in Moreno Valley. Within 6 months we saw a 3x increase in organic leads and our revenue grew by 40%. Their team truly understands the California market."
"Akron","Ohio","United States","SEO Services","Expert SEO Services in Akron, Ohio","Data-driven search optimization that puts Akron businesses on page one.","Omniranq delivers measurable SEO results for businesses in Akron, Ohio. Our local search experts combine technical audits, content strategy, and authoritative link building to drive organic growth. From startups to enterprise brands across Ohio, we build search visibility that compounds over time.","SEO Services Akron, Ohio | Omniranq","Top-rated SEO agency in Akron. We help Ohio businesses rank higher on Google with proven strategies. Get a free audit today.","+1 (345) 758-5253","836 Main Street, Akron, Ohio","190K","seo akron, digital marketing akron, akron seo agency, seo services akron","Sophie Phillips","CMO, GrowthHub","Omniranq transformed our search presence in Akron. Within 6 months we saw a 3x increase in organic leads and our revenue grew by 40%. Their team truly understands the Ohio market."
"Tallahassee","Florida","United States","SEO Services","Expert SEO Services in Tallahassee, Florida","Data-driven search optimization that puts Tallahassee businesses on page one.","Omniranq delivers measurable SEO results for businesses in Tallahassee, Florida. Our local search experts combine technical audits, content strategy, and authoritative link building to drive organic growth. From startups to enterprise brands across Florida, we build search visibility that compounds over time.","SEO Services Tallahassee, Florida | Omniranq","Top-rated SEO agency in Tallahassee. We help Florida businesses rank higher on Google with proven strategies. Get a free audit today.","+1 (583) 556-4329","5349 Main Street, Tallahassee, Florida","195K","seo tallahassee, digital marketing tallahassee, tallahassee seo agency, seo services tallahassee","Michael Murray","Marketing Director, SwiftScale","Omniranq transformed our search presence in Tallahassee. Within 6 months we saw a 3x increase in organic leads and our revenue grew by 40%. Their team truly understands the Florida market."
"Salt Lake City","Utah","United States","SEO Services","Expert SEO Services in Salt Lake City, Utah","Data-driven search optimization that puts Salt Lake City businesses on page one.","Omniranq delivers measurable SEO results for businesses in Salt Lake City, Utah. Our local search experts combine technical audits, content strategy, and authoritative link building to drive organic growth. From startups to enterprise brands across Utah, we build search visibility that compounds over time.","SEO Services Salt Lake City, Utah | Omniranq","Top-rated SEO agency in Salt Lake City. We help Utah businesses rank higher on Google with proven strategies. Get a free audit today.","+1 (512) 564-5014","7383 Main Street, Salt Lake City, Utah","200K","seo salt lake city, digital marketing salt lake city, salt lake city seo agency, seo services salt lake city","Chris Richardson","CEO, ApexGroup","Omniranq transformed our search presence in Salt Lake City. Within 6 months we saw a 3x increase in organic leads and our revenue grew by 40%. Their team truly understands the Utah market."
"London","England","United Kingdom","SEO Services","Expert SEO Services in London, England","Data-driven search optimisation that puts London businesses on page one.","Omniranq delivers measurable SEO results for businesses across London, England. Our search specialists combine technical audits, content strategy, and authoritative link building to drive organic growth. From local firms to national brands in England, we build search visibility that compounds.","SEO Services London, England | Omniranq","Leading SEO agency in London. We help England businesses rank higher on Google with proven strategies. Request a free audit today.","+44 7338 593076","122 High Street, London, England","9.0M","seo london, digital marketing london, london seo agency, seo services london","Sophie Cooper","Managing Director, VistaPeak","Omniranq completely changed our online visibility in London. In just 5 months our organic traffic tripled and we secured page-one rankings for every key term. Outstanding results from a brilliant team."
"Birmingham","England","United Kingdom","SEO Services","Expert SEO Services in Birmingham, England","Data-driven search optimisation that puts Birmingham businesses on page one.","Omniranq delivers measurable SEO results for businesses across Birmingham, England. Our search specialists combine technical audits, content strategy, and authoritative link building to drive organic growth. From local firms to national brands in England, we build search visibility that compounds.","SEO Services Birmingham, England | Omniranq","Leading SEO agency in Birmingham. We help England businesses rank higher on Google with proven strategies. Request a free audit today.","+44 5330 287184","131 High Street, Birmingham, England","1.1M","seo birmingham, digital marketing birmingham, birmingham seo agency, seo services birmingham","Megan Stewart","Growth Lead, VistaPeak","Omniranq completely changed our online visibility in Birmingham. In just 5 months our organic traffic tripled and we secured page-one rankings for every key term. Outstanding results from a brilliant team."
"Leeds","England","United Kingdom","SEO Services","Expert SEO Services in Leeds, England","Data-driven search optimisation that puts Leeds businesses on page one.","Omniranq delivers measurable SEO results for businesses across Leeds, England. Our search specialists combine technical audits, content strategy, and authoritative link building to drive organic growth. From local firms to national brands in England, we build search visibility that compounds.","SEO Services Leeds, England | Omniranq","Leading SEO agency in Leeds. We help England businesses rank higher on Google with proven strategies. Request a free audit today.","+44 3447 944574","8 High Street, Leeds, England","790K","seo leeds, digital marketing leeds, leeds seo agency, seo services leeds","Emma Walker","Head of Digital, IronBridge","Omniranq completely changed our online visibility in Leeds. In just 5 months our organic traffic tripled and we secured page-one rankings for every key term. Outstanding results from a brilliant team."
"Glasgow","Scotland","United Kingdom","SEO Services","Expert SEO Services in Glasgow, Scotland","Data-driven search optimisation that puts Glasgow businesses on page one.","Omniranq delivers measurable SEO results for businesses across Glasgow, Scotland. Our search specialists combine technical audits, content strategy, and authoritative link building to drive organic growth. From local firms to national brands in Scotland, we build search visibility that compounds.","SEO Services Glasgow, Scotland | Omniranq","Leading SEO agency in Glasgow. We help Scotland businesses rank higher on Google with proven strategies. Request a free audit today.","+44 5452 649965","113 High Street, Glasgow, Scotland","630K","seo glasgow, digital marketing glasgow, glasgow seo agency, seo services glasgow","Sarah Turner","COO, BrightLine","Omniranq completely changed our online visibility in Glasgow. In just 5 months our organic traffic tripled and we secured page-one rankings for every key term. Outstanding results from a brilliant team."
"Sheffield","England","United Kingdom","SEO Services","Expert SEO Services in Sheffield, England","Data-driven search optimisation that puts Sheffield businesses on page one.","Omniranq delivers measurable SEO results for businesses across Sheffield, England. Our search specialists combine technical audits, content strategy, and authoritative link building to drive organic growth. From local firms to national brands in England, we build search visibility that compounds.","SEO Services Sheffield, England | Omniranq","Leading SEO agency in Sheffield. We help England businesses rank higher on Google with proven strategies. Request a free audit today.","+44 3198 718083","99 High Street, Sheffield, England","580K","seo sheffield, digital marketing sheffield, sheffield seo agency, seo services sheffield","David Murray","CMO, VistaPeak","Omniranq completely changed our online visibility in Sheffield. In just 5 months our organic traffic tripled and we secured page-one rankings for every key term. Outstanding results from a brilliant team."
"Manchester","England","United Kingdom","SEO Services","Expert SEO Services in Manchester, England","Data-driven search optimisation that puts Manchester businesses on page one.","Omniranq delivers measurable SEO results for businesses across Manchester, England. Our search specialists combine technical audits, content strategy, and authoritative link building to drive organic growth. From local firms to national brands in England, we build search visibility that compounds.","SEO Services Manchester, England | Omniranq","Leading SEO agency in Manchester. We help England businesses rank higher on Google with proven strategies. Request a free audit today.","+44 7672 958278","159 High Street, Manchester, England","550K","seo manchester, digital marketing manchester, manchester seo agency, seo services manchester","Claire Watson","CMO, PulseMedia","Omniranq completely changed our online visibility in Manchester. In just 5 months our organic traffic tripled and we secured page-one rankings for every key term. Outstanding results from a brilliant team."
"Edinburgh","Scotland","United Kingdom","SEO Services","Expert SEO Services in Edinburgh, Scotland","Data-driven search optimisation that puts Edinburgh businesses on page one.","Omniranq delivers measurable SEO results for businesses across Edinburgh, Scotland. Our search specialists combine technical audits, content strategy, and authoritative link building to drive organic growth. From local firms to national brands in Scotland, we build search visibility that compounds.","SEO Services Edinburgh, Scotland | Omniranq","Leading SEO agency in Edinburgh. We help Scotland businesses rank higher on Google with proven strategies. Request a free audit today.","+44 9810 165183","140 High Street, Edinburgh, Scotland","525K","seo edinburgh, digital marketing edinburgh, edinburgh seo agency, seo services edinburgh","Daniel Anderson","CEO, SwiftScale","Omniranq completely changed our online visibility in Edinburgh. In just 5 months our organic traffic tripled and we secured page-one rankings for every key term. Outstanding results from a brilliant team."
"Liverpool","England","United Kingdom","SEO Services","Expert SEO Services in Liverpool, England","Data-driven search optimisation that puts Liverpool businesses on page one.","Omniranq delivers measurable SEO results for businesses across Liverpool, England. Our search specialists combine technical audits, content strategy, and authoritative link building to drive organic growth. From local firms to national brands in England, we build search visibility that compounds.","SEO Services Liverpool, England | Omniranq","Leading SEO agency in Liverpool. We help England businesses rank higher on Google with proven strategies. Request a free audit today.","+44 1655 592242","58 High Street, Liverpool, England","495K","seo liverpool, digital marketing liverpool, liverpool seo agency, seo services liverpool","Daniel Bennett","CMO, CoreLogic","Omniranq completely changed our online visibility in Liverpool. In just 5 months our organic traffic tripled and we secured page-one rankings for every key term. Outstanding results from a brilliant team."
"Bristol","England","United Kingdom","SEO Services","Expert SEO Services in Bristol, England","Data-driven search optimisation that puts Bristol businesses on page one.","Omniranq delivers measurable SEO results for businesses across Bristol, England. Our search specialists combine technical audits, content strategy, and authoritative link building to drive organic growth. From local firms to national brands in England, we build search visibility that compounds.","SEO Services Bristol, England | Omniranq","Leading SEO agency in Bristol. We help England businesses rank higher on Google with proven strategies. Request a free audit today.","+44 9769 288749","158 High Street, Bristol, England","465K","seo bristol, digital marketing bristol, bristol seo agency, seo services bristol","Jessica Gray","Managing Director, RedLeaf","Omniranq completely changed our online visibility in Bristol. In just 5 months our organic traffic tripled and we secured page-one rankings for every key term. Outstanding results from a brilliant team."
"Cardiff","Wales","United Kingdom","SEO Services","Expert SEO Services in Cardiff, Wales","Data-driven search optimisation that puts Cardiff businesses on page one.","Omniranq delivers measurable SEO results for businesses across Cardiff, Wales. Our search specialists combine technical audits, content strategy, and authoritative link building to drive organic growth. From local firms to national brands in Wales, we build search visibility that compounds.","SEO Services Cardiff, Wales | Omniranq","Leading SEO agency in Cardiff. We help Wales businesses rank higher on Google with proven strategies. Request a free audit today.","+44 9580 577841","109 High Street, Cardiff, Wales","365K","seo cardiff, digital marketing cardiff, cardiff seo agency, seo services cardiff","Megan Harrison","Marketing Director, PrimeDigital","Omniranq completely changed our online visibility in Cardiff. In just 5 months our organic traffic tripled and we secured page-one rankings for every key term. Outstanding results from a brilliant team."
"Leicester","England","United Kingdom","SEO Services","Expert SEO Services in Leicester, England","Data-driven search optimisation that puts Leicester businesses on page one.","Omniranq delivers measurable SEO results for businesses across Leicester, England. Our search specialists combine technical audits, content strategy, and authoritative link building to drive organic growth. From local firms to national brands in England, we build search visibility that compounds.","SEO Services Leicester, England | Omniranq","Leading SEO agency in Leicester. We help England businesses rank higher on Google with proven strategies. Request a free audit today.","+44 3324 749825","166 High Street, Leicester, England","355K","seo leicester, digital marketing leicester, leicester seo agency, seo services leicester","Andrew Gray","Marketing Director, DataFlow","Omniranq completely changed our online visibility in Leicester. In just 5 months our organic traffic tripled and we secured page-one rankings for every key term. Outstanding results from a brilliant team."
"Coventry","England","United Kingdom","SEO Services","Expert SEO Services in Coventry, England","Data-driven search optimisation that puts Coventry businesses on page one.","Omniranq delivers measurable SEO results for businesses across Coventry, England. Our search specialists combine technical audits, content strategy, and authoritative link building to drive organic growth. From local firms to national brands in England, we build search visibility that compounds.","SEO Services Coventry, England | Omniranq","Leading SEO agency in Coventry. We help England businesses rank higher on Google with proven strategies. Request a free audit today.","+44 4970 963906","76 High Street, Coventry, England","345K","seo coventry, digital marketing coventry, coventry seo agency, seo services coventry","Andrew Turner","COO, RedLeaf","Omniranq completely changed our online visibility in Coventry. In just 5 months our organic traffic tripled and we secured page-one rankings for every key term. Outstanding results from a brilliant team."
"Nottingham","England","United Kingdom","SEO Services","Expert SEO Services in Nottingham, England","Data-driven search optimisation that puts Nottingham businesses on page one.","Omniranq delivers measurable SEO results for businesses across Nottingham, England. Our search specialists combine technical audits, content strategy, and authoritative link building to drive organic growth. From local firms to national brands in England, we build search visibility that compounds.","SEO Services Nottingham, England | Omniranq","Leading SEO agency in Nottingham. We help England businesses rank higher on Google with proven strategies. Request a free audit today.","+44 3898 854825","165 High Street, Nottingham, England","320K","seo nottingham, digital marketing nottingham, nottingham seo agency, seo services nottingham","Robert Stewart","Growth Lead, IronBridge","Omniranq completely changed our online visibility in Nottingham. In just 5 months our organic traffic tripled and we secured page-one rankings for every key term. Outstanding results from a brilliant team."
"Newcastle upon Tyne","England","United Kingdom","SEO Services","Expert SEO Services in Newcastle upon Tyne, England","Data-driven search optimisation that puts Newcastle upon Tyne businesses on page one.","Omniranq delivers measurable SEO results for businesses across Newcastle upon Tyne, England. Our search specialists combine technical audits, content strategy, and authoritative link building to drive organic growth. From local firms to national brands in England, we build search visibility that compounds.","SEO Services Newcastle upon Tyne, England | Omniranq","Leading SEO agency in Newcastle upon Tyne. We help England businesses rank higher on Google with proven strategies. Request a free audit today.","+44 2104 348837","30 High Street, Newcastle upon Tyne, England","300K","seo newcastle upon tyne, digital marketing newcastle upon tyne, newcastle upon tyne seo agency, seo services newcastle upon tyne","Chris Roberts","CMO, SwiftScale","Omniranq completely changed our online visibility in Newcastle upon Tyne. In just 5 months our organic traffic tripled and we secured page-one rankings for every key term. Outstanding results from a brilliant team."
"Belfast","Northern Ireland","United Kingdom","SEO Services","Expert SEO Services in Belfast, Northern Ireland","Data-driven search optimisation that puts Belfast businesses on page one.","Omniranq delivers measurable SEO results for businesses across Belfast, Northern Ireland. Our search specialists combine technical audits, content strategy, and authoritative link building to drive organic growth. From local firms to national brands in Northern Ireland, we build search visibility that compounds.","SEO Services Belfast, Northern Ireland | Omniranq","Leading SEO agency in Belfast. We help Northern Ireland businesses rank higher on Google with proven strategies. Request a free audit today.","+44 8005 373039","70 High Street, Belfast, Northern Ireland","340K","seo belfast, digital marketing belfast, belfast seo agency, seo services belfast","Claire Anderson","COO, TechVentures","Omniranq completely changed our online visibility in Belfast. In just 5 months our organic traffic tripled and we secured page-one rankings for every key term. Outstanding results from a brilliant team."
"Brighton","England","United Kingdom","SEO Services","Expert SEO Services in Brighton, England","Data-driven search optimisation that puts Brighton businesses on page one.","Omniranq delivers measurable SEO results for businesses across Brighton, England. Our search specialists combine technical audits, content strategy, and authoritative link building to drive organic growth. From local firms to national brands in England, we build search visibility that compounds.","SEO Services Brighton, England | Omniranq","Leading SEO agency in Brighton. We help England businesses rank higher on Google with proven strategies. Request a free audit today.","+44 5433 358987","90 High Street, Brighton, England","290K","seo brighton, digital marketing brighton, brighton seo agency, seo services brighton","James Dixon","Growth Lead, ApexGroup","Omniranq completely changed our online visibility in Brighton. In just 5 months our organic traffic tripled and we secured page-one rankings for every key term. Outstanding results from a brilliant team."
"Plymouth","England","United Kingdom","SEO Services","Expert SEO Services in Plymouth, England","Data-driven search optimisation that puts Plymouth businesses on page one.","Omniranq delivers measurable SEO results for businesses across Plymouth, England. Our search specialists combine technical audits, content strategy, and authoritative link building to drive organic growth. From local firms to national brands in England, we build search visibility that compounds.","SEO Services Plymouth, England | Omniranq","Leading SEO agency in Plymouth. We help England businesses rank higher on Google with proven strategies. Request a free audit today.","+44 5901 827973","181 High Street, Plymouth, England","265K","seo plymouth, digital marketing plymouth, plymouth seo agency, seo services plymouth","Emma Dixon","Founder, PulseMedia","Omniranq completely changed our online visibility in Plymouth. In just 5 months our organic traffic tripled and we secured page-one rankings for every key term. Outstanding results from a brilliant team."
"Wolverhampton","England","United Kingdom","SEO Services","Expert SEO Services in Wolverhampton, England","Data-driven search optimisation that puts Wolverhampton businesses on page one.","Omniranq delivers measurable SEO results for businesses across Wolverhampton, England. Our search specialists combine technical audits, content strategy, and authoritative link building to drive organic growth. From local firms to national brands in England, we build search visibility that compounds.","SEO Services Wolverhampton, England | Omniranq","Leading SEO agency in Wolverhampton. We help England businesses rank higher on Google with proven strategies. Request a free audit today.","+44 5744 169462","71 High Street, Wolverhampton, England","260K","seo wolverhampton, digital marketing wolverhampton, wolverhampton seo agency, seo services wolverhampton","Jessica Anderson","Founder, NovaTech","Omniranq completely changed our online visibility in Wolverhampton. In just 5 months our organic traffic tripled and we secured page-one rankings for every key term. Outstanding results from a brilliant team."
"Southampton","England","United Kingdom","SEO Services","Expert SEO Services in Southampton, England","Data-driven search optimisation that puts Southampton businesses on page one.","Omniranq delivers measurable SEO results for businesses across Southampton, England. Our search specialists combine technical audits, content strategy, and authoritative link building to drive organic growth. From local firms to national brands in England, we build search visibility that compounds.","SEO Services Southampton, England | Omniranq","Leading SEO agency in Southampton. We help England businesses rank higher on Google with proven strategies. Request a free audit today.","+44 1082 512844","192 High Street, Southampton, England","255K","seo southampton, digital marketing southampton, southampton seo agency, seo services southampton","Mark Gray","COO, IronBridge","Omniranq completely changed our online visibility in Southampton. In just 5 months our organic traffic tripled and we secured page-one rankings for every key term. Outstanding results from a brilliant team."
"Reading","England","United Kingdom","SEO Services","Expert SEO Services in Reading, England","Data-driven search optimisation that puts Reading businesses on page one.","Omniranq delivers measurable SEO results for businesses across Reading, England. Our search specialists combine technical audits, content strategy, and authoritative link building to drive organic growth. From local firms to national brands in England, we build search visibility that compounds.","SEO Services Reading, England | Omniranq","Leading SEO agency in Reading. We help England businesses rank higher on Google with proven strategies. Request a free audit today.","+44 1846 873826","8 High Street, Reading, England","230K","seo reading, digital marketing reading, reading seo agency, seo services reading","Mark Dixon","Managing Director, VistaPeak","Omniranq completely changed our online visibility in Reading. In just 5 months our organic traffic tripled and we secured page-one rankings for every key term. Outstanding results from a brilliant team."
"Derby","England","United Kingdom","SEO Services","Expert SEO Services in Derby, England","Data-driven search optimisation that puts Derby businesses on page one.","Omniranq delivers measurable SEO results for businesses across Derby, England. Our search specialists combine technical audits, content strategy, and authoritative link building to drive organic growth. From local firms to national brands in England, we build search visibility that compounds.","SEO Services Derby, England | Omniranq","Leading SEO agency in Derby. We help England businesses rank higher on Google with proven strategies. Request a free audit today.","+44 3462 588114","82 High Street, Derby, England","255K","seo derby, digital marketing derby, derby seo agency, seo services derby","Emma Walker","Growth Lead, UrbanEdge","Omniranq completely changed our online visibility in Derby. In just 5 months our organic traffic tripled and we secured page-one rankings for every key term. Outstanding results from a brilliant team."
"Stoke-on-Trent","England","United Kingdom","SEO Services","Expert SEO Services in Stoke-on-Trent, England","Data-driven search optimisation that puts Stoke-on-Trent businesses on page one.","Omniranq delivers measurable SEO results for businesses across Stoke-on-Trent, England. Our search specialists combine technical audits, content strategy, and authoritative link building to drive organic growth. From local firms to national brands in England, we build search visibility that compounds.","SEO Services Stoke-on-Trent, England | Omniranq","Leading SEO agency in Stoke-on-Trent. We help England businesses rank higher on Google with proven strategies. Request a free audit today.","+44 3750 285388","105 High Street, Stoke-on-Trent, England","250K","seo stoke-on-trent, digital marketing stoke-on-trent, stoke-on-trent seo agency, seo services stoke-on-trent","Megan Morgan","VP Marketing, BlueWave","Omniranq completely changed our online visibility in Stoke-on-Trent. In just 5 months our organic traffic tripled and we secured page-one rankings for every key term. Outstanding results from a brilliant team."
"Sunderland","England","United Kingdom","SEO Services","Expert SEO Services in Sunderland, England","Data-driven search optimisation that puts Sunderland businesses on page one.","Omniranq delivers measurable SEO results for businesses across Sunderland, England. Our search specialists combine technical audits, content strategy, and authoritative link building to drive organic growth. From local firms to national brands in England, we build search visibility that compounds.","SEO Services Sunderland, England | Omniranq","Leading SEO agency in Sunderland. We help England businesses rank higher on Google with proven strategies. Request a free audit today.","+44 4724 217598","6 High Street, Sunderland, England","175K","seo sunderland, digital marketing sunderland, sunderland seo agency, seo services sunderland","Michael Cooper","Founder, DataFlow","Omniranq completely changed our online visibility in Sunderland. In just 5 months our organic traffic tripled and we secured page-one rankings for every key term. Outstanding results from a brilliant team."
"Aberdeen","Scotland","United Kingdom","SEO Services","Expert SEO Services in Aberdeen, Scotland","Data-driven search optimisation that puts Aberdeen businesses on page one.","Omniranq delivers measurable SEO results for businesses across Aberdeen, Scotland. Our search specialists combine technical audits, content strategy, and authoritative link building to drive organic growth. From local firms to national brands in Scotland, we build search visibility that compounds.","SEO Services Aberdeen, Scotland | Omniranq","Leading SEO agency in Aberdeen. We help Scotland businesses rank higher on Google with proven strategies. Request a free audit today.","+44 9266 206546","124 High Street, Aberdeen, Scotland","225K","seo aberdeen, digital marketing aberdeen, aberdeen seo agency, seo services aberdeen","Emma Cooper","Digital Director, GrowthHub","Omniranq completely changed our online visibility in Aberdeen. In just 5 months our organic traffic tripled and we secured page-one rankings for every key term. Outstanding results from a brilliant team."
"Swansea","Wales","United Kingdom","SEO Services","Expert SEO Services in Swansea, Wales","Data-driven search optimisation that puts Swansea businesses on page one.","Omniranq delivers measurable SEO results for businesses across Swansea, Wales. Our search specialists combine technical audits, content strategy, and authoritative link building to drive organic growth. From local firms to national brands in Wales, we build search visibility that compounds.","SEO Services Swansea, Wales | Omniranq","Leading SEO agency in Swansea. We help Wales businesses rank higher on Google with proven strategies. Request a free audit today.","+44 2227 580847","148 High Street, Swansea, Wales","245K","seo swansea, digital marketing swansea, swansea seo agency, seo services swansea","Oliver Stewart","CMO, PrimeDigital","Omniranq completely changed our online visibility in Swansea. In just 5 months our organic traffic tripled and we secured page-one rankings for every key term. Outstanding results from a brilliant team."
"Oxford","England","United Kingdom","SEO Services","Expert SEO Services in Oxford, England","Data-driven search optimisation that puts Oxford businesses on page one.","Omniranq delivers measurable SEO results for businesses across Oxford, England. Our search specialists combine technical audits, content strategy, and authoritative link building to drive organic growth. From local firms to national brands in England, we build search visibility that compounds.","SEO Services Oxford, England | Omniranq","Leading SEO agency in Oxford. We help England businesses rank higher on Google with proven strategies. Request a free audit today.","+44 2819 558050","53 High Street, Oxford, England","150K","seo oxford, digital marketing oxford, oxford seo agency, seo services oxford","Rachel Richardson","COO, PulseMedia","Omniranq completely changed our online visibility in Oxford. In just 5 months our organic traffic tripled and we secured page-one rankings for every key term. Outstanding results from a brilliant team."
"Cambridge","England","United Kingdom","SEO Services","Expert SEO Services in Cambridge, England","Data-driven search optimisation that puts Cambridge businesses on page one.","Omniranq delivers measurable SEO results for businesses across Cambridge, England. Our search specialists combine technical audits, content strategy, and authoritative link building to drive organic growth. From local firms to national brands in England, we build search visibility that compounds.","SEO Services Cambridge, England | Omniranq","Leading SEO agency in Cambridge. We help England businesses rank higher on Google with proven strategies. Request a free audit today.","+44 8402 344480","124 High Street, Cambridge, England","145K","seo cambridge, digital marketing cambridge, cambridge seo agency, seo services cambridge","Hannah Clark","Growth Lead, NexGen","Omniranq completely changed our online visibility in Cambridge. In just 5 months our organic traffic tripled and we secured page-one rankings for every key term. Outstanding results from a brilliant team."
"York","England","United Kingdom","SEO Services","Expert SEO Services in York, England","Data-driven search optimisation that puts York businesses on page one.","Omniranq delivers measurable SEO results for businesses across York, England. Our search specialists combine technical audits, content strategy, and authoritative link building to drive organic growth. From local firms to national brands in England, we build search visibility that compounds.","SEO Services York, England | Omniranq","Leading SEO agency in York. We help England businesses rank higher on Google with proven strategies. Request a free audit today.","+44 8400 345780","93 High Street, York, England","140K","seo york, digital marketing york, york seo agency, seo services york","Laura Stewart","CMO, VistaPeak","Omniranq completely changed our online visibility in York. In just 5 months our organic traffic tripled and we secured page-one rankings for every key term. Outstanding results from a brilliant team."
"Dundee","Scotland","United Kingdom","SEO Services","Expert SEO Services in Dundee, Scotland","Data-driven search optimisation that puts Dundee businesses on page one.","Omniranq delivers measurable SEO results for businesses across Dundee, Scotland. Our search specialists combine technical audits, content strategy, and authoritative link building to drive organic growth. From local firms to national brands in Scotland, we build search visibility that compounds.","SEO Services Dundee, Scotland | Omniranq","Leading SEO agency in Dundee. We help Scotland businesses rank higher on Google with proven strategies. Request a free audit today.","+44 3973 486935","103 High Street, Dundee, Scotland","150K","seo dundee, digital marketing dundee, dundee seo agency, seo services dundee","Hannah Campbell","Marketing Director, PrimeDigital","Omniranq completely changed our online visibility in Dundee. In just 5 months our organic traffic tripled and we secured page-one rankings for every key term. Outstanding results from a brilliant team."
"Bath","England","United Kingdom","SEO Services","Expert SEO Services in Bath, England","Data-driven search optimisation that puts Bath businesses on page one.","Omniranq delivers measurable SEO results for businesses across Bath, England. Our search specialists combine technical audits, content strategy, and authoritative link building to drive organic growth. From local firms to national brands in England, we build search visibility that compounds.","SEO Services Bath, England | Omniranq","Leading SEO agency in Bath. We help England businesses rank higher on Google with proven strategies. Request a free audit today.","+44 2366 127623","198 High Street, Bath, England","90K","seo bath, digital marketing bath, bath seo agency, seo services bath","Emma Cooper","Digital Director, TechVentures","Omniranq completely changed our online visibility in Bath. In just 5 months our organic traffic tripled and we secured page-one rankings for every key term. Outstanding results from a brilliant team."
"Exeter","England","United Kingdom","SEO Services","Expert SEO Services in Exeter, England","Data-driven search optimisation that puts Exeter businesses on page one.","Omniranq delivers measurable SEO results for businesses across Exeter, England. Our search specialists combine technical audits, content strategy, and authoritative link building to drive organic growth. From local firms to national brands in England, we build search visibility that compounds.","SEO Services Exeter, England | Omniranq","Leading SEO agency in Exeter. We help England businesses rank higher on Google with proven strategies. Request a free audit today.","+44 7531 426881","137 High Street, Exeter, England","130K","seo exeter, digital marketing exeter, exeter seo agency, seo services exeter","Rebecca Thompson","Marketing Director, ClearPath","Omniranq completely changed our online visibility in Exeter. In just 5 months our organic traffic tripled and we secured page-one rankings for every key term. Outstanding results from a brilliant team."
"Norwich","England","United Kingdom","SEO Services","Expert SEO Services in Norwich, England","Data-driven search optimisation that puts Norwich businesses on page one.","Omniranq delivers measurable SEO results for businesses across Norwich, England. Our search specialists combine technical audits, content strategy, and authoritative link building to drive organic growth. From local firms to national brands in England, we build search visibility that compounds.","SEO Services Norwich, England | Omniranq","Leading SEO agency in Norwich. We help England businesses rank higher on Google with proven strategies. Request a free audit today.","+44 2566 131623","8 High Street, Norwich, England","145K","seo norwich, digital marketing norwich, norwich seo agency, seo services norwich","Daniel Dixon","Founder, PulseMedia","Omniranq completely changed our online visibility in Norwich. In just 5 months our organic traffic tripled and we secured page-one rankings for every key term. Outstanding results from a brilliant team."
"Portsmouth","England","United Kingdom","SEO Services","Expert SEO Services in Portsmouth, England","Data-driven search optimisation that puts Portsmouth businesses on page one.","Omniranq delivers measurable SEO results for businesses across Portsmouth, England. Our search specialists combine technical audits, content strategy, and authoritative link building to drive organic growth. From local firms to national brands in England, we build search visibility that compounds.","SEO Services Portsmouth, England | Omniranq","Leading SEO agency in Portsmouth. We help England businesses rank higher on Google with proven strategies. Request a free audit today.","+44 3571 962202","27 High Street, Portsmouth, England","215K","seo portsmouth, digital marketing portsmouth, portsmouth seo agency, seo services portsmouth","Claire Walker","COO, RedLeaf","Omniranq completely changed our online visibility in Portsmouth. In just 5 months our organic traffic tripled and we secured page-one rankings for every key term. Outstanding results from a brilliant team."
"Milton Keynes","England","United Kingdom","SEO Services","Expert SEO Services in Milton Keynes, England","Data-driven search optimisation that puts Milton Keynes businesses on page one.","Omniranq delivers measurable SEO results for businesses across Milton Keynes, England. Our search specialists combine technical audits, content strategy, and authoritative link building to drive organic growth. From local firms to national brands in England, we build search visibility that compounds.","SEO Services Milton Keynes, England | Omniranq","Leading SEO agency in Milton Keynes. We help England businesses rank higher on Google with proven strategies. Request a free audit today.","+44 8799 944221","76 High Street, Milton Keynes, England","230K","seo milton keynes, digital marketing milton keynes, milton keynes seo agency, seo services milton keynes","Daniel Ward","Head of Digital, NovaTech","Omniranq completely changed our online visibility in Milton Keynes. In just 5 months our organic traffic tripled and we secured page-one rankings for every key term. Outstanding results from a brilliant team."
"Bournemouth","England","United Kingdom","SEO Services","Expert SEO Services in Bournemouth, England","Data-driven search optimisation that puts Bournemouth businesses on page one.","Omniranq delivers measurable SEO results for businesses across Bournemouth, England. Our search specialists combine technical audits, content strategy, and authoritative link building to drive organic growth. From local firms to national brands in England, we build search visibility that compounds.","SEO Services Bournemouth, England | Omniranq","Leading SEO agency in Bournemouth. We help England businesses rank higher on Google with proven strategies. Request a free audit today.","+44 1068 241944","148 High Street, Bournemouth, England","195K","seo bournemouth, digital marketing bournemouth, bournemouth seo agency, seo services bournemouth","James Campbell","COO, ZenithCo","Omniranq completely changed our online visibility in Bournemouth. In just 5 months our organic traffic tripled and we secured page-one rankings for every key term. Outstanding results from a brilliant team."
"Northampton","England","United Kingdom","SEO Services","Expert SEO Services in Northampton, England","Data-driven search optimisation that puts Northampton businesses on page one.","Omniranq delivers measurable SEO results for businesses across Northampton, England. Our search specialists combine technical audits, content strategy, and authoritative link building to drive organic growth. From local firms to national brands in England, we build search visibility that compounds.","SEO Services Northampton, England | Omniranq","Leading SEO agency in Northampton. We help England businesses rank higher on Google with proven strategies. Request a free audit today.","+44 5146 849538","40 High Street, Northampton, England","225K","seo northampton, digital marketing northampton, northampton seo agency, seo services northampton","Rachel Watson","Head of Digital, NovaTech","Omniranq completely changed our online visibility in Northampton. In just 5 months our organic traffic tripled and we secured page-one rankings for every key term. Outstanding results from a brilliant team."
"Swindon","England","United Kingdom","SEO Services","Expert SEO Services in Swindon, England","Data-driven search optimisation that puts Swindon businesses on page one.","Omniranq delivers measurable SEO results for businesses across Swindon, England. Our search specialists combine technical audits, content strategy, and authoritative link building to drive organic growth. From local firms to national brands in England, we build search visibility that compounds.","SEO Services Swindon, England | Omniranq","Leading SEO agency in Swindon. We help England businesses rank higher on Google with proven strategies. Request a free audit today.","+44 2196 807960","35 High Street, Swindon, England","185K","seo swindon, digital marketing swindon, swindon seo agency, seo services swindon","Daniel Roberts","VP Marketing, BrightLine","Omniranq completely changed our online visibility in Swindon. In just 5 months our organic traffic tripled and we secured page-one rankings for every key term. Outstanding results from a brilliant team."
"Warrington","England","United Kingdom","SEO Services","Expert SEO Services in Warrington, England","Data-driven search optimisation that puts Warrington businesses on page one.","Omniranq delivers measurable SEO results for businesses across Warrington, England. Our search specialists combine technical audits, content strategy, and authoritative link building to drive organic growth. From local firms to national brands in England, we build search visibility that compounds.","SEO Services Warrington, England | Omniranq","Leading SEO agency in Warrington. We help England businesses rank higher on Google with proven strategies. Request a free audit today.","+44 5329 638744","80 High Street, Warrington, England","210K","seo warrington, digital marketing warrington, warrington seo agency, seo services warrington","Mark Walker","Marketing Director, TechVentures","Omniranq completely changed our online visibility in Warrington. In just 5 months our organic traffic tripled and we secured page-one rankings for every key term. Outstanding results from a brilliant team."
"Luton","England","United Kingdom","SEO Services","Expert SEO Services in Luton, England","Data-driven search optimisation that puts Luton businesses on page one.","Omniranq delivers measurable SEO results for businesses across Luton, England. Our search specialists combine technical audits, content strategy, and authoritative link building to drive organic growth. From local firms to national brands in England, we build search visibility that compounds.","SEO Services Luton, England | Omniranq","Leading SEO agency in Luton. We help England businesses rank higher on Google with proven strategies. Request a free audit today.","+44 5810 356210","123 High Street, Luton, England","215K","seo luton, digital marketing luton, luton seo agency, seo services luton","Sarah Turner","Founder, PulseMedia","Omniranq completely changed our online visibility in Luton. In just 5 months our organic traffic tripled and we secured page-one rankings for every key term. Outstanding results from a brilliant team."
"Huddersfield","England","United Kingdom","SEO Services","Expert SEO Services in Huddersfield, England","Data-driven search optimisation that puts Huddersfield businesses on page one.","Omniranq delivers measurable SEO results for businesses across Huddersfield, England. Our search specialists combine technical audits, content strategy, and authoritative link building to drive organic growth. From local firms to national brands in England, we build search visibility that compounds.","SEO Services Huddersfield, England | Omniranq","Leading SEO agency in Huddersfield. We help England businesses rank higher on Google with proven strategies. Request a free audit today.","+44 7144 593212","190 High Street, Huddersfield, England","162K","seo huddersfield, digital marketing huddersfield, huddersfield seo agency, seo services huddersfield","Thomas Thompson","Growth Lead, CoreLogic","Omniranq completely changed our online visibility in Huddersfield. In just 5 months our organic traffic tripled and we secured page-one rankings for every key term. Outstanding results from a brilliant team."
"Ipswich","England","United Kingdom","SEO Services","Expert SEO Services in Ipswich, England","Data-driven search optimisation that puts Ipswich businesses on page one.","Omniranq delivers measurable SEO results for businesses across Ipswich, England. Our search specialists combine technical audits, content strategy, and authoritative link building to drive organic growth. From local firms to national brands in England, we build search visibility that compounds.","SEO Services Ipswich, England | Omniranq","Leading SEO agency in Ipswich. We help England businesses rank higher on Google with proven strategies. Request a free audit today.","+44 9423 489471","50 High Street, Ipswich, England","140K","seo ipswich, digital marketing ipswich, ipswich seo agency, seo services ipswich","David Dixon","CEO, SwiftScale","Omniranq completely changed our online visibility in Ipswich. In just 5 months our organic traffic tripled and we secured page-one rankings for every key term. Outstanding results from a brilliant team."
"Gloucester","England","United Kingdom","SEO Services","Expert SEO Services in Gloucester, England","Data-driven search optimisation that puts Gloucester businesses on page one.","Omniranq delivers measurable SEO results for businesses across Gloucester, England. Our search specialists combine technical audits, content strategy, and authoritative link building to drive organic growth. From local firms to national brands in England, we build search visibility that compounds.","SEO Services Gloucester, England | Omniranq","Leading SEO agency in Gloucester. We help England businesses rank higher on Google with proven strategies. Request a free audit today.","+44 7746 996871","179 High Street, Gloucester, England","130K","seo gloucester, digital marketing gloucester, gloucester seo agency, seo services gloucester","Emma Ward","COO, RedLeaf","Omniranq completely changed our online visibility in Gloucester. In just 5 months our organic traffic tripled and we secured page-one rankings for every key term. Outstanding results from a brilliant team."
"Blackpool","England","United Kingdom","SEO Services","Expert SEO Services in Blackpool, England","Data-driven search optimisation that puts Blackpool businesses on page one.","Omniranq delivers measurable SEO results for businesses across Blackpool, England. Our search specialists combine technical audits, content strategy, and authoritative link building to drive organic growth. From local firms to national brands in England, we build search visibility that compounds.","SEO Services Blackpool, England | Omniranq","Leading SEO agency in Blackpool. We help England businesses rank higher on Google with proven strategies. Request a free audit today.","+44 5761 851466","66 High Street, Blackpool, England","140K","seo blackpool, digital marketing blackpool, blackpool seo agency, seo services blackpool","Rebecca Anderson","CEO, GrowthHub","Omniranq completely changed our online visibility in Blackpool. In just 5 months our organic traffic tripled and we secured page-one rankings for every key term. Outstanding results from a brilliant team."
"Middlesbrough","England","United Kingdom","SEO Services","Expert SEO Services in Middlesbrough, England","Data-driven search optimisation that puts Middlesbrough businesses on page one.","Omniranq delivers measurable SEO results for businesses across Middlesbrough, England. Our search specialists combine technical audits, content strategy, and authoritative link building to drive organic growth. From local firms to national brands in England, we build search visibility that compounds.","SEO Services Middlesbrough, England | Omniranq","Leading SEO agency in Middlesbrough. We help England businesses rank higher on Google with proven strategies. Request a free audit today.","+44 3800 828902","193 High Street, Middlesbrough, England","140K","seo middlesbrough, digital marketing middlesbrough, middlesbrough seo agency, seo services middlesbrough","Hannah Roberts","Founder, RedLeaf","Omniranq completely changed our online visibility in Middlesbrough. In just 5 months our organic traffic tripled and we secured page-one rankings for every key term. Outstanding results from a brilliant team."
"Bolton","England","United Kingdom","SEO Services","Expert SEO Services in Bolton, England","Data-driven search optimisation that puts Bolton businesses on page one.","Omniranq delivers measurable SEO results for businesses across Bolton, England. Our search specialists combine technical audits, content strategy, and authoritative link building to drive organic growth. From local firms to national brands in England, we build search visibility that compounds.","SEO Services Bolton, England | Omniranq","Leading SEO agency in Bolton. We help England businesses rank higher on Google with proven strategies. Request a free audit today.","+44 3223 577640","24 High Street, Bolton, England","195K","seo bolton, digital marketing bolton, bolton seo agency, seo services bolton","Emma Mitchell","COO, BrightLine","Omniranq completely changed our online visibility in Bolton. In just 5 months our organic traffic tripled and we secured page-one rankings for every key term. Outstanding results from a brilliant team."
"Peterborough","England","United Kingdom","SEO Services","Expert SEO Services in Peterborough, England","Data-driven search optimisation that puts Peterborough businesses on page one.","Omniranq delivers measurable SEO results for businesses across Peterborough, England. Our search specialists combine technical audits, content strategy, and authoritative link building to drive organic growth. From local firms to national brands in England, we build search visibility that compounds.","SEO Services Peterborough, England | Omniranq","Leading SEO agency in Peterborough. We help England businesses rank higher on Google with proven strategies. Request a free audit today.","+44 4647 279757","92 High Street, Peterborough, England","200K","seo peterborough, digital marketing peterborough, peterborough seo agency, seo services peterborough","Sarah Anderson","Growth Lead, PulseMedia","Omniranq completely changed our online visibility in Peterborough. In just 5 months our organic traffic tripled and we secured page-one rankings for every key term. Outstanding results from a brilliant team."
"Stockport","England","United Kingdom","SEO Services","Expert SEO Services in Stockport, England","Data-driven search optimisation that puts Stockport businesses on page one.","Omniranq delivers measurable SEO results for businesses across Stockport, England. Our search specialists combine technical audits, content strategy, and authoritative link building to drive organic growth. From local firms to national brands in England, we build search visibility that compounds.","SEO Services Stockport, England | Omniranq","Leading SEO agency in Stockport. We help England businesses rank higher on Google with proven strategies. Request a free audit today.","+44 7881 730580","120 High Street, Stockport, England","140K","seo stockport, digital marketing stockport, stockport seo agency, seo services stockport","David Thompson","Head of Digital, CoreLogic","Omniranq completely changed our online visibility in Stockport. In just 5 months our organic traffic tripled and we secured page-one rankings for every key term. Outstanding results from a brilliant team."
"Doncaster","England","United Kingdom","SEO Services","Expert SEO Services in Doncaster, England","Data-driven search optimisation that puts Doncaster businesses on page one.","Omniranq delivers measurable SEO results for businesses across Doncaster, England. Our search specialists combine technical audits, content strategy, and authoritative link building to drive organic growth. From local firms to national brands in England, we build search visibility that compounds.","SEO Services Doncaster, England | Omniranq","Leading SEO agency in Doncaster. We help England businesses rank higher on Google with proven strategies. Request a free audit today.","+44 6435 607999","91 High Street, Doncaster, England","310K","seo doncaster, digital marketing doncaster, doncaster seo agency, seo services doncaster","Oliver Richardson","CEO, TechVentures","Omniranq completely changed our online visibility in Doncaster. In just 5 months our organic traffic tripled and we secured page-one rankings for every key term. Outstanding results from a brilliant team."
"Cheltenham","England","United Kingdom","SEO Services","Expert SEO Services in Cheltenham, England","Data-driven search optimisation that puts Cheltenham businesses on page one.","Omniranq delivers measurable SEO results for businesses across Cheltenham, England. Our search specialists combine technical audits, content strategy, and authoritative link building to drive organic growth. From local firms to national brands in England, we build search visibility that compounds.","SEO Services Cheltenham, England | Omniranq","Leading SEO agency in Cheltenham. We help England businesses rank higher on Google with proven strategies. Request a free audit today.","+44 4322 397944","40 High Street, Cheltenham, England","120K","seo cheltenham, digital marketing cheltenham, cheltenham seo agency, seo services cheltenham","Laura Phillips","Managing Director, DataFlow","Omniranq completely changed our online visibility in Cheltenham. In just 5 months our organic traffic tripled and we secured page-one rankings for every key term. Outstanding results from a brilliant team."
"Lincoln","England","United Kingdom","SEO Services","Expert SEO Services in Lincoln, England","Data-driven search optimisation that puts Lincoln businesses on page one.","Omniranq delivers measurable SEO results for businesses across Lincoln, England. Our search specialists combine technical audits, content strategy, and authoritative link building to drive organic growth. From local firms to national brands in England, we build search visibility that compounds.","SEO Services Lincoln, England | Omniranq","Leading SEO agency in Lincoln. We help England businesses rank higher on Google with proven strategies. Request a free audit today.","+44 9223 160694","83 High Street, Lincoln, England","100K","seo lincoln, digital marketing lincoln, lincoln seo agency, seo services lincoln","Laura Clark","CMO, VistaPeak","Omniranq completely changed our online visibility in Lincoln. In just 5 months our organic traffic tripled and we secured page-one rankings for every key term. Outstanding results from a brilliant team."